gas_param,client_name,runtime_ms,conf_int_low,conf_int_high,selected_test,selected_opcode,selected_model_coef_name,glue_adjustment,param_bn128,param_calldata_size,param_copy_size,param_k,param_mem_size,param_mod_bits,param_opcode,param_return_size,param_returned_size,new_gas_decimal,new_gas_rounded
OPCODE_ADD,besu,1.0047238380601524e-05,9.840614917653291e-06,1.0271589645859954e-05,test_arithmetic,ADD,target_coef,0.0,,,,,,,,,,1.0047238380601524,2
OPCODE_SUB,besu,1.062650457246921e-05,1.0403966506518563e-05,1.086992852604636e-05,test_arithmetic,SUB,target_coef,0.0,,,,,,,,,,1.0626504572469209,2
OPCODE_MUL,besu,9.880714279903596e-06,9.583765247670523e-06,1.0174285656804834e-05,test_arithmetic,MUL,target_coef,0.0,,,,,,,,,,0.9880714279903595,1
OPCODE_DIV,besu,1.5153297943120834e-05,1.4873473279463773e-05,1.545158114950236e-05,test_arithmetic,DIV,target_coef,0.0,,,,,,,,,,1.5153297943120834,2
OPCODE_SDIV,besu,1.6546109013629162e-05,1.6262160670216323e-05,1.683342267384481e-05,test_arithmetic,SDIV,target_coef,0.0,,,,,,,,,,1.6546109013629162,2
OPCODE_SIGNEXTEND,besu,2.203435182773129e-05,2.082424595400992e-05,2.3239686975241306e-05,test_arithmetic,SIGNEXTEND,target_coef,0.0,,,,,,,,,,2.203435182773129,3
OPCODE_EXP_BASE,besu,0.0010938695063995223,0.001072943285799203,0.0011143764864250355,test_arithmetic,EXP,target_coef,0.0,,,,,,,,,,109.38695063995222,110
OPCODE_MOD,besu,1.9518163869431905e-05,1.9230223905511594e-05,1.9786821011707956e-05,test_mod,MOD,target_coef,0.0,,,,,,127,,,,1.9518163869431906,2
OPCODE_SMOD,besu,2.0127604072615668e-05,1.9862182722632927e-05,2.0417892439095782e-05,test_mod,SMOD,target_coef,0.0,,,,,,127,,,,2.012760407261567,3
OPCODE_ADDMOD,besu,2.333141333885947e-05,2.3008878424179144e-05,2.3643292976615753e-05,test_mod_arithmetic,ADDMOD,target_coef,0.0,,,,,,191,,,,2.333141333885947,3
OPCODE_MULMOD,besu,3.5696378338528256e-05,3.5215629907717465e-05,3.6169818309264546e-05,test_mod_arithmetic,MULMOD,target_coef,0.0,,,,,,191,,,,3.5696378338528256,4
OPCODE_AND,besu,8.465927754256519e-06,8.221734140950693e-06,8.718785025551754e-06,test_bitwise,AND,target_coef,0.0,,,,,,,,,,0.8465927754256519,1
OPCODE_OR,besu,8.524172240014657e-06,8.279180887017872e-06,8.770403613837538e-06,test_bitwise,OR,target_coef,0.0,,,,,,,,,,0.8524172240014657,1
OPCODE_XOR,besu,7.5112086619203514e-06,7.311383183211305e-06,7.718207251354651e-06,test_bitwise,XOR,target_coef,0.0,,,,,,,,,,0.7511208661920351,1
OPCODE_BYTE,besu,9.566795177506436e-06,9.368226990032067e-06,9.798898617901724e-06,test_bitwise,BYTE,target_coef,0.0,,,,,,,,,,0.9566795177506436,1
OPCODE_SHL,besu,5.303862689664328e-06,5.07093993065002e-06,5.539988687649421e-06,test_bitwise,SHL,target_coef,0.0,,,,,,,,,,0.5303862689664328,1
OPCODE_SHR,besu,5.0245210599395715e-06,4.807939634773085e-06,5.2462622969515175e-06,test_bitwise,SHR,target_coef,0.0,,,,,,,,,,0.5024521059939572,1
OPCODE_SAR,besu,1.981376210885392e-05,1.821976064991522e-05,2.1316028452542575e-05,test_bitwise,SAR,target_coef,0.0,,,,,,,,,,1.981376210885392,2
OPCODE_NOT,besu,4.178922523429293e-06,4.058331068483197e-06,4.300204829961556e-06,test_not_op,NOT,target_coef,0.0,,,,,,,,,,0.41789225234292926,1
OPCODE_CLZ,besu,3.936627102850435e-06,3.821908199469232e-06,4.054334784321414e-06,test_clz_same,CLZ,target_coef,0.0,,,,,,,,,,0.3936627102850435,1
OPCODE_LT,besu,2.1607146332035873e-05,2.010153274372098e-05,2.3042374985294132e-05,test_comparison,LT,target_coef,0.0,,,,,,,,,,2.1607146332035874,3
OPCODE_GT,besu,2.1506010243283795e-05,1.9999961035337057e-05,2.296300621329232e-05,test_comparison,GT,target_coef,0.0,,,,,,,,,,2.1506010243283793,3
OPCODE_SLT,besu,9.35004076090277e-06,9.105816151374084e-06,9.61682760517986e-06,test_comparison,SLT,target_coef,0.0,,,,,,,,,,0.9350040760902769,1
OPCODE_SGT,besu,8.25813089297124e-06,8.018008467938942e-06,8.493586447647835e-06,test_comparison,SGT,target_coef,0.0,,,,,,,,,,0.825813089297124,1
OPCODE_EQ,besu,1.2621416024160628e-05,1.2276658460308158e-05,1.2947145234694925e-05,test_comparison,EQ,target_coef,0.0,,,,,,,,,,1.2621416024160628,2
OPCODE_ISZERO,besu,4.052605080183317e-06,3.9504980947326545e-06,4.1544790560383e-06,test_iszero,ISZERO,target_coef,0.0,,,,,,,,,,0.40526050801833174,1
OPCODE_PUSH0,besu,2.6216739112873544e-06,2.516204352258559e-06,2.7176633767691885e-06,test_push,PUSH0,target_coef,0.0,,,,,,,,,,0.26216739112873544,1
OPCODE_PUSH,besu,4.482450986685209e-06,4.368774167156418e-06,4.600164288120076e-06,test_push,PUSH6,target_coef,0.0,,,,,,,PUSH6,,,0.44824509866852086,1
OPCODE_DUP,besu,3.8049565865466046e-06,3.684906486092744e-06,3.915731249237867e-06,test_dup,DUP2,target_coef,0.0,,,,,,,DUP2,,,0.38049565865466045,1
OPCODE_SWAP,besu,3.168585877185588e-06,3.0620886657773956e-06,3.2787168749354645e-06,test_swap,SWAP4,target_coef,0.0,,,,,,,SWAP4,,,0.3168585877185588,1
OPCODE_JUMP,besu,2.787843235819367e-05,2.6930364195909282e-05,2.870785943134923e-05,test_jump_benchmark,JUMP,target_coef,0.0,,,,,,,,,,2.787843235819367,3
OPCODE_JUMPI,besu,6.968489638670634e-06,6.659169533561571e-06,7.268121650462442e-06,test_jumpi_fallthrough,JUMPI,target_coef,0.0,,,,,,,,,,0.6968489638670634,1
OPCODE_JUMPDEST,besu,1.8973861277016571e-06,1.7881942885985259e-06,2.011799088539706e-06,test_jumpdests,JUMPDEST,target_coef,0.0,,,,,,,,,,0.1897386127701657,1
OPCODE_PC,besu,3.61555535524498e-06,3.516846589100937e-06,3.7227361412542357e-06,test_pc_op,PC,target_coef,0.0,,,,,,,,,,0.361555535524498,1
OPCODE_GAS,besu,3.6130001326843146e-06,3.5058015289933723e-06,3.7104366887501715e-06,test_gas_op,GAS,target_coef,0.0,,,,,,,,,,0.3613000132684314,1
OPCODE_BASEFEE,besu,3.5695604233639813e-06,3.453238508300724e-06,3.6745097363382913e-06,test_block_context_ops,BASEFEE,target_coef,0.0,,,,,,,,,,0.3569560423363981,1
OPCODE_BLOBBASEFEE,besu,3.5326723437737055e-06,3.4228492744095043e-06,3.640611661654553e-06,test_block_context_ops,BLOBBASEFEE,target_coef,0.0,,,,,,,,,,0.3532672343773705,1
OPCODE_CHAINID,besu,3.541721958635796e-06,3.437990669233878e-06,3.6467051857912213e-06,test_block_context_ops,CHAINID,target_coef,0.0,,,,,,,,,,0.3541721958635796,1
OPCODE_COINBASE,erigon,5.586026426249474e-06,5.353504706474608e-06,5.818157051362027e-06,test_block_context_ops,COINBASE,target_coef,0.0,,,,,,,,,,0.5586026426249474,1
OPCODE_GASLIMIT,besu,3.8046841394206644e-06,3.70105903006087e-06,3.907104172431872e-06,test_block_context_ops,GASLIMIT,target_coef,0.0,,,,,,,,,,0.38046841394206643,1
OPCODE_NUMBER,besu,3.818243231982728e-06,3.7212423964700445e-06,3.919192182266659e-06,test_block_context_ops,NUMBER,target_coef,0.0,,,,,,,,,,0.38182432319827286,1
OPCODE_PREVRANDAO,besu,3.60348802743442e-06,3.5047851701554565e-06,3.710667776791943e-06,test_block_context_ops,PREVRANDAO,target_coef,0.0,,,,,,,,,,0.36034880274344205,1
OPCODE_TIMESTAMP,besu,3.814447734821336e-06,3.7142599854238707e-06,3.9216463797867535e-06,test_block_context_ops,TIMESTAMP,target_coef,0.0,,,,,,,,,,0.3814447734821336,1
OPCODE_GASPRICE,besu,3.4074146277525595e-06,3.2929382260228367e-06,3.519944911215187e-06,test_call_frame_context_ops,GASPRICE,target_coef,0.0,,,,,,,,,,0.34074146277525597,1
OPCODE_ORIGIN,erigon,5.719103704736268e-06,5.43717006119123e-06,6.014931990714971e-06,test_call_frame_context_ops,ORIGIN,target_coef,0.0,,,,,,,,,,0.5719103704736268,1
OPCODE_ADDRESS,erigon,5.569183233537793e-06,5.347979389795539e-06,5.7817447574640695e-06,test_call_frame_context_ops,ADDRESS,target_coef,0.0,,,,,,,,,,0.5569183233537792,1
OPCODE_CALLER,erigon,5.590969187852298e-06,5.343065256528701e-06,5.823883299032809e-06,test_call_frame_context_ops,CALLER,target_coef,0.0,,,,,,,,,,0.5590969187852297,1
OPCODE_CALLVALUE,besu,4.9571051213099935e-06,4.7471240957973135e-06,5.1695168246336665e-06,test_callvalue_from_origin,CALLVALUE,target_coef,0.0,,,,,,,,,,0.49571051213099937,1
OPCODE_CALLDATALOAD,geth,9.117224750294415e-05,8.13073108867677e-05,0.00010163231283739221,test_calldataload,CALLDATALOAD,target_coef,0.0,,1024,,,,,,,,9.117224750294415,10
OPCODE_CALLDATASIZE,besu,3.994445966494949e-06,3.886051302083238e-06,4.106723340388837e-06,test_calldatasize,CALLDATASIZE,target_coef,0.0,,1024,,,,,,,,0.3994445966494949,1
OPCODE_RETURNDATASIZE,besu,5.66249557935352e-06,5.431919436508014e-06,5.898643303268879e-06,test_returndatasize_nonzero,RETURNDATASIZE,target_coef,0.0,,,,,,,,,32,0.5662495579353519,1
OPCODE_CALLDATACOPY_BASE,besu,8.320720568152291e-05,8.269790329183869e-05,8.371640126888606e-05,test_calldatacopy_from_origin,CALLDATACOPY,target_coef,0.0,,1024,,,1048576,,,,,8.320720568152291,9
OPCODE_CALLDATACOPY_PER_WORD,,,,,,,,,,,,,,,,,,,
OPCODE_RETURNDATACOPY_BASE,besu,3.996526151306159e-05,3.909306415384452e-05,4.0911436865838706e-05,test_returndatacopy,RETURNDATACOPY,target_coef,0.0,,,,,1024,,,10240,,3.996526151306159,4
OPCODE_RETURNDATACOPY_PER_WORD,,,,,,,,,,,,,,,,,,,
OPCODE_MLOAD_BASE,besu,1.2473448882896496e-05,1.2149128469015921e-05,1.2775177907393816e-05,test_memory_access,MLOAD,target_coef,0.0,,,,,256,,,,,1.2473448882896496,2
OPCODE_MSTORE_BASE,besu,1.647370940276998e-05,1.6187100191839928e-05,1.673643882242128e-05,test_memory_access,MSTORE,target_coef,0.0,,,,,0,,,,,1.647370940276998,2
OPCODE_MSTORE8_BASE,besu,1.1126984798956496e-05,1.0805741288416107e-05,1.1462204025114389e-05,test_memory_access,MSTORE8,target_coef,0.0,,,,,32,,,,,1.1126984798956496,2
OPCODE_MSIZE,besu,3.794688214122974e-06,3.6829160008351477e-06,3.89860092951136e-06,test_msize,MSIZE,target_coef,0.0,,,,,,,,,,0.37946882141229743,1
OPCODE_MCOPY_BASE,besu,5.100096333548802e-05,5.06916971155873e-05,5.136010407069867e-05,test_mcopy,MCOPY,target_coef,0.0,,,1024,,1048576,,,,,5.1000963335488025,6
OPCODE_MCOPY_PER_WORD,,,,,,,,,,,,,,,,,,,
OPCODE_KECCAK256_BASE,besu,0.00011024073259010317,0.00010933462576723857,0.0001111686529349554,test_keccak_diff_mem_msg_sizes,KECCAK256,target_coef,0.0,,,,,256,,,,,11.024073259010317,12
OPCODE_KECCAK256_PER_WORD,nethermind,2.2335257352194502e-05,2.1960572601967797e-05,2.2731064537375708e-05,test_keccak_diff_mem_msg_sizes,KECCAK256,msg_words,0.0,,,,,1024,,,,,2.2335257352194504,3
PRECOMPILE_ECRECOVER,erigon,0.008464606230444963,0.007916616219446034,0.008927837332487764,test_ecrecover,ECRECOVER,target_coef,0.0,,,,,,,,,,846.4606230444963,847
PRECOMPILE_SHA256_BASE,erigon,0.0009584424454663926,0.0009449718121637441,0.000974854084013296,test_sha256_uncachable,SHA256,target_coef,0.0,,,,,,,,,,95.84424454663927,96
PRECOMPILE_SHA256_PER_WORD,geth,3.0626171070178995e-06,2.987412950602114e-06,3.1400224629909684e-06,test_sha256_uncachable,SHA256,size_words,0.0,,,,,,,,,,0.30626171070179,1
PRECOMPILE_RIPEMD160_BASE,erigon,0.000934379793894315,0.0009258440136324095,0.0009430544424301808,test_ripemd160_uncachable,RIPEMD160,target_coef,0.0,,,,,,,,,,93.4379793894315,94
PRECOMPILE_RIPEMD160_PER_WORD,besu,5.413890397204548e-05,5.367819890057585e-05,5.4603842703006876e-05,test_ripemd160_uncachable,RIPEMD160,size_words,0.0,,,,,,,,,,5.413890397204548,6
PRECOMPILE_IDENTITY_BASE,erigon,0.0009541732234979559,0.0009411330929739838,0.0009673813314387676,test_identity_uncachable,IDENTITY,target_coef,0.0,,,,,,,,,,95.4173223497956,96
PRECOMPILE_IDENTITY_PER_WORD,geth,9.435479635315753e-06,9.406107373147948e-06,9.462276539767594e-06,test_identity_fixed_size,IDENTITY,size_words,0.0,,,,,,,,,,0.9435479635315753,1
PRECOMPILE_BLAKE2F_BASE,erigon,0.0009380582892892442,0.0009247217474387791,0.0009495655358955394,test_blake2f_uncachable,BLAKE2F,target_coef,0.0,,,,,,,,,,93.80582892892443,94
PRECOMPILE_BLAKE2F_PER_ROUND,besu,2.2209551847594964e-06,2.1193209046094726e-06,2.3160004178384945e-06,test_blake2f_uncachable,BLAKE2F,num_rounds,0.0,,,,,,,,,,0.22209551847594963,1
PRECOMPILE_P256VERIFY,erigon,0.014050197916722115,0.013054180935350178,0.01477654069792459,test_p256verify_uncachable,P256VERIFY,target_coef,0.0,,,,,,,,,,1405.0197916722116,1406
PRECOMPILE_POINT_EVALUATION,nethermind,0.2343618309341056,0.22834949203064148,0.24019870691509534,test_point_evaluation_uncachable,POINT_EVALUATION,target_coef,0.0,,,,,,,,,,23436.18309341056,23437
PRECOMPILE_ECADD,erigon,0.0010753805466295868,0.0010415507574385804,0.0011050606937056807,test_alt_bn128_uncachable,ECADD,target_coef,0.0,,,,,,,,,,107.53805466295867,108
PRECOMPILE_ECMUL,reth,0.008392124919152158,0.004190118504351761,0.011790248969122343,test_alt_bn128_uncachable,ECMUL,target_coef,0.0,,,,,,,,,,839.2124919152159,840
PRECOMPILE_ECPAIRING_BASE,reth,0.08246597414857655,0.07784531242989796,0.08734586845660341,test_ec_pairing,ECPAIRING,target_coef,0.0,,,,,,,,,,8246.597414857655,8247
PRECOMPILE_ECPAIRING_PER_POINT,nethermind,0.11716888714207149,0.1164138982730497,0.11786137376902993,test_ec_pairing,ECPAIRING,num_pairs,0.0,,,,,,,,,,11716.88871420715,11717
PRECOMPILE_BLS_G1ADD,besu,0.001743106594529765,0.0017185143803658371,0.001765781992197475,test_bls12_381,BLS12_G1ADD,target_coef,0.0,,,,,,,,,,174.3106594529765,175
PRECOMPILE_BLS_G2ADD,besu,0.0021167881474208673,0.002089031883056011,0.002146133215085249,test_bls12_381,BLS12_G2ADD,target_coef,0.0,,,,,,,,,,211.67881474208673,212
PRECOMPILE_BLS_G1MAP,erigon,0.010372295419439067,0.009864020182551841,0.01080984355463602,test_bls12_381,BLS12_MAP_FP_TO_G1,target_coef,0.0,,,,,,,,,,1037.2295419439067,1038
PRECOMPILE_BLS_G2MAP,erigon,0.04489651112498393,0.0432188069384571,0.046483794915688534,test_bls12_381,BLS12_MAP_FP_TO_G2,target_coef,0.0,,,,,,,,,,4489.651112498394,4490
PRECOMPILE_BLS_G1MUL,,,,,,,,,,,,,,,,,,,
PRECOMPILE_BLS_G2MUL,,,,,,,,,,,,,,,,,,,
