hour_start,loss_rate_round,loss_rate_current,total_count
2026-05-12 08:00:00,0.02541869219591203,0.12010664097276295,370071314.0
2026-05-12 09:00:00,0.02716104164704712,0.12829548929575757,406279709.0
2026-05-12 10:00:00,0.029452020673163472,0.1389056916839724,442820285.0
2026-05-12 11:00:00,0.029515682132984777,0.13963616230163442,456345972.0
2026-05-12 12:00:00,0.027875283273757136,0.13126002084849234,414216268.0
2026-05-12 13:00:00,0.027266456005316998,0.12902171326175044,425115827.0
2026-05-12 14:00:00,0.024829328681837504,0.11757997426121922,375720024.0
2026-05-12 15:00:00,0.023952869291490493,0.1134878378928069,371657017.0
2026-05-12 16:00:00,0.02505090257365693,0.11810314578525712,371220180.0
2026-05-12 17:00:00,0.02675326610777556,0.1264695997257752,401879175.0
2026-05-12 18:00:00,0.028922641432393637,0.13615172799050373,439934124.0
2026-05-12 19:00:00,0.029875138040086402,0.140212894495248,452080430.0
2026-05-12 20:00:00,0.02622542209505753,0.12463375284246005,396778680.0
2026-05-12 21:00:00,0.028055212939128996,0.13271467119500047,430814276.0
2026-05-12 22:00:00,0.026080458088416032,0.1219458767616428,395547856.0
2026-05-12 23:00:00,0.022581665558856212,0.10631879534871988,346864040.0
2026-05-13 00:00:00,0.02297038224468624,0.1084388481334415,352534836.0
2026-05-13 01:00:00,0.022788011220422327,0.10754128520480759,351927222.0
2026-05-13 02:00:00,0.024182015731559568,0.11410363965374011,367121300.0
2026-05-13 03:00:00,0.024037252055717027,0.1139607041518081,368839001.0
2026-05-13 04:00:00,0.024121449728750233,0.11382731168685546,369423446.0
2026-05-13 05:00:00,0.024935152978101043,0.11758202257516538,384633673.0
2026-05-13 06:00:00,0.027165910315033476,0.12871896573404024,414454301.0
2026-05-13 07:00:00,0.024614678370555497,0.11599070975800811,378413962.0
2026-05-13 08:00:00,0.023747187839633734,0.11252098315215583,368573847.0
2026-05-13 09:00:00,0.026376160165267563,0.12452251576673189,394960400.0
2026-05-13 10:00:00,0.029027864676078357,0.13749200764656222,439424501.0
2026-05-13 11:00:00,0.027805392592037424,0.13146828576990457,423501098.0
2026-05-13 12:00:00,0.028263528277245254,0.13402869615200516,448098643.0
2026-05-13 13:00:00,0.02666911788061527,0.1259995048451063,407123998.0
2026-05-13 14:00:00,0.02681832189001982,0.12650903365596233,409183818.0
2026-05-13 15:00:00,0.026421534448615266,0.12470605873229851,404718990.0
2026-05-13 16:00:00,0.025280559744368627,0.11900403268316495,374585347.0
2026-05-13 17:00:00,0.026511804885314846,0.12520308813459666,400768890.0
2026-05-13 18:00:00,0.0261250766008683,0.12308231524625099,387455096.0
2026-05-13 19:00:00,0.027046060720581373,0.12686954204000622,403120296.0
2026-05-13 20:00:00,0.02581136377863346,0.12116239942313228,396607876.0
2026-05-13 21:00:00,0.02519010831593246,0.1187240443675235,372201430.0
2026-05-13 22:00:00,0.024709521678968425,0.11718094550568194,373794023.0
2026-05-13 23:00:00,0.02634915975460425,0.12508048331748434,399876746.0
2026-05-14 00:00:00,0.02684960995345832,0.127267510158862,413654656.0
2026-05-14 01:00:00,0.024420782084708045,0.11477876461941597,370021266.0
2026-05-14 02:00:00,0.026361769133268553,0.12459525763260566,405496668.0
2026-05-14 03:00:00,0.027893206246645864,0.1318244446970936,422310195.0
2026-05-14 04:00:00,0.024670508808661833,0.11715610134215082,378796439.0
2026-05-14 05:00:00,0.026076099510727875,0.12365171808158479,396365341.0
2026-05-14 06:00:00,0.0243643878549419,0.1152385102203291,371656384.0
2026-05-14 07:00:00,0.02628940950271265,0.12392888638607778,406742568.0
2026-05-14 08:00:00,0.026387970140691844,0.12437261540432103,400274088.0
2026-05-14 09:00:00,0.025637716395081413,0.12093162479884721,389094009.0
2026-05-14 10:00:00,0.03295906587544279,0.15522041941654238,506771425.0
2026-05-14 11:00:00,0.028764701652297435,0.1352449177779802,444864298.0
2026-05-14 12:00:00,0.029515183787904367,0.13861139339985845,447701110.0
2026-05-14 13:00:00,0.02600293988218592,0.12236423706829731,403678195.0
2026-05-14 14:00:00,0.026438334887036598,0.12459911267665524,402799415.0
2026-05-14 15:00:00,0.025887528252835176,0.12184327079454074,398346182.0
2026-05-14 16:00:00,0.021945284077429135,0.10344702731088165,332383063.0
2026-05-14 17:00:00,0.02567671870441606,0.12027561521029505,378119455.0
2026-05-14 18:00:00,0.02608041751398488,0.122664088987065,401358744.0
2026-05-14 19:00:00,0.031237004386911467,0.1485022797030066,476142990.0
2026-05-14 20:00:00,0.03661675877469844,0.17440275488301113,551309757.0
2026-05-14 21:00:00,0.030664360337040626,0.14480481818162508,454063459.0
2026-05-14 22:00:00,0.021624790036565675,0.10186240937683112,326321026.0
2026-05-14 23:00:00,0.024382081430312022,0.11468809025130966,369102300.0
2026-05-15 00:00:00,0.02785326111310466,0.1313204140708426,425844493.0
2026-05-15 01:00:00,0.028387283369850014,0.13476113365226958,442210594.0
2026-05-15 02:00:00,0.028277534614284602,0.13410161552738228,430247990.0
2026-05-15 03:00:00,0.027230875220286582,0.1299800721969718,417018852.0
2026-05-15 04:00:00,0.024778161763189182,0.11727558376817199,384746126.0
2026-05-15 05:00:00,0.026403115696043,0.1250950258091076,398180158.0
2026-05-15 06:00:00,0.024975892924150592,0.11848385781603465,387066476.0
2026-05-15 07:00:00,0.02371831779425788,0.11138192114632887,360824335.0
2026-05-15 08:00:00,0.022539890827215702,0.10624758497283036,343276900.0
2026-05-15 09:00:00,0.02370813304996294,0.11144930354360373,358694787.0
2026-05-15 10:00:00,0.025604650277735282,0.12127144657616243,399066280.0
2026-05-15 11:00:00,0.025132957603505535,0.11853217431624406,375977577.0
2026-05-15 12:00:00,0.021279609742992606,0.1002172689713694,329677418.0
2026-05-15 13:00:00,0.02591931982341793,0.12241360967111332,424077689.0
2026-05-15 14:00:00,0.02664101301461659,0.12567257992238767,386108243.0
2026-05-15 15:00:00,0.02708889086996568,0.12736555781668882,411809320.0
2026-05-15 16:00:00,0.011817439692028867,0.05568985647011606,192721331.0
2026-05-15 17:00:00,0.009020206465448561,0.04254822744022572,138916389.0
2026-05-15 18:00:00,0.010871112218819846,0.05135745015035109,167687860.0
2026-05-15 19:00:00,0.02279985315846195,0.10740407623037584,321450720.0
2026-05-15 20:00:00,0.026958988385088273,0.126606720792159,400984060.0
2026-05-15 21:00:00,0.026809430641819454,0.12650397586168785,405702537.0
2026-05-15 22:00:00,0.025919592629270224,0.12216808162038983,396368163.0
2026-05-15 23:00:00,0.023866836367509362,0.11253782993618194,369110309.0
2026-05-16 00:00:00,0.023135915172906998,0.10918832129701671,353635727.0
2026-05-16 01:00:00,0.0254462160283814,0.12009481868731739,390345680.0
2026-05-16 02:00:00,0.02254823700958431,0.10626731042700663,347736107.0
2026-05-16 03:00:00,0.02850461911926752,0.13548559730296,441514995.0
2026-05-16 04:00:00,0.0276564009967133,0.13122592663693,426007551.0
2026-05-16 05:00:00,0.025101106275665502,0.1183996905141368,384743529.0
2026-05-16 06:00:00,0.025907086171982868,0.12286659614644414,404320646.0
2026-05-16 07:00:00,0.029992351638332387,0.14126630077469118,450072877.0
2026-05-16 08:00:00,0.02674046145316186,0.12676688848129342,416284979.0
2026-05-16 09:00:00,0.028808266015598945,0.1365909277384188,438398878.0
2026-05-16 10:00:00,0.02694661248835185,0.12768770741933885,416456178.0
2026-05-16 11:00:00,0.02670815066211033,0.12584196629350625,407857656.0
2026-05-16 12:00:00,0.027556907633753208,0.12996624862090128,424170764.0
2026-05-16 13:00:00,0.025290603832938494,0.11899549450267838,394920765.0
2026-05-16 14:00:00,0.019038531453350802,0.0894686529099241,296900924.0
2026-05-16 15:00:00,0.024516703721083163,0.11463581682930582,351968747.0
2026-05-16 16:00:00,0.02431510190193296,0.11415322887548301,372123154.0
2026-05-16 17:00:00,0.025783958179913375,0.12094915438027745,382761284.0
2026-05-16 18:00:00,0.024924816565110926,0.11767145316309734,379833405.0
2026-05-16 19:00:00,0.02592320301514191,0.12245566684091734,396832168.0
2026-05-16 20:00:00,0.02228057339032741,0.10524693235293166,338927428.0
2026-05-16 21:00:00,0.02223848619669083,0.10372293393900968,336525190.0
2026-05-16 22:00:00,0.024965065191988666,0.11725549398670015,382209987.0
2026-05-16 23:00:00,0.02105138137310877,0.09917016048342972,319892690.0
2026-05-17 00:00:00,0.022346483816239934,0.10540796463427901,345366731.0
2026-05-17 01:00:00,0.029628584682202506,0.1394682829743654,453976697.0
2026-05-17 02:00:00,0.02432299391902247,0.11518407648559637,371579940.0
2026-05-17 03:00:00,0.025047872163437894,0.11873296018378446,379964483.0
2026-05-17 04:00:00,0.021923344613302417,0.1032436195164454,336401135.0
2026-05-17 05:00:00,0.02484741222610475,0.11768907515534165,382506921.0
2026-05-17 06:00:00,0.025691627625902977,0.12135616961398629,384518559.0
2026-05-17 07:00:00,0.026816192162854777,0.12669571488085962,412417616.0
2026-05-17 08:00:00,0.0255228428329088,0.12125497566155713,390694535.0
2026-05-17 09:00:00,0.02536040941684831,0.11937564083874694,383756053.0
2026-05-17 10:00:00,0.02611237595563559,0.12272033800653014,397380725.0
2026-05-17 11:00:00,0.026108446494632682,0.12324964375787498,398014095.0
2026-05-17 12:00:00,0.026687990410370527,0.12607516260543297,411795172.0
2026-05-17 13:00:00,0.023916100096742787,0.11290995800992518,366928395.0
2026-05-17 14:00:00,0.02472546039867606,0.11492562136716508,387747152.0
2026-05-17 15:00:00,0.023293206965908312,0.1086686655944675,339501660.0
2026-05-17 16:00:00,0.030801605038985574,0.14230916361480653,457420447.0
2026-05-17 17:00:00,0.024769269508764607,0.11579101188571858,375887691.0
2026-05-17 18:00:00,0.026658201661131357,0.1237166044192465,410151663.0
2026-05-17 19:00:00,0.02458112985180871,0.11558937610907112,371630261.0
2026-05-17 20:00:00,0.023934479572027437,0.1121549962460186,361307977.0
2026-05-17 21:00:00,0.024539856072389947,0.11449714894269213,372243293.0
2026-05-17 22:00:00,0.022336044164333803,0.10514757875372935,338412263.0
2026-05-17 23:00:00,0.028233782862852715,0.13312093159762206,449049395.0
2026-05-18 00:00:00,0.02871824692185319,0.13586684628637327,427644710.0
2026-05-18 01:00:00,0.02763403776655685,0.13074457771313205,425001426.0
2026-05-18 02:00:00,0.03043786151848074,0.1426654156131603,463887859.0
2026-05-18 03:00:00,0.03222420956317024,0.14968283520877784,489025841.0
2026-05-18 04:00:00,0.03390155262145731,0.15924428210991395,523938155.0
2026-05-18 05:00:00,0.03169421311690638,0.14928955160742133,486306883.0
2026-05-18 06:00:00,0.02837834026797213,0.13390640887695263,435969868.0
2026-05-18 07:00:00,0.030295112196978016,0.14134415904601777,456743339.0
2026-05-18 08:00:00,0.026082618423148598,0.12324100609183582,391756628.0
2026-05-18 09:00:00,0.025070493403140173,0.11885150216982533,381927516.0
2026-05-18 10:00:00,0.02534034659125972,0.11941061565299743,385689449.0
2026-05-18 11:00:00,0.025973226337282704,0.12290921832016512,398821011.0
2026-05-18 12:00:00,0.025226737464686445,0.11869044898424114,384797288.0
2026-05-18 13:00:00,0.027347662908821572,0.1289356092645908,415088142.0
2026-05-18 14:00:00,0.026917350381753018,0.12666091068999424,412449342.0
2026-05-18 15:00:00,0.02560899378427014,0.12043600699084722,400373699.0
2026-05-18 16:00:00,0.025449487946135548,0.1199508754987401,373151552.0
2026-05-18 17:00:00,0.024478993272929808,0.11558194967839257,374916606.0
2026-05-18 18:00:00,0.02579918056598115,0.12174549085206329,389105824.0
2026-05-18 19:00:00,0.028057325284725772,0.1324797428523842,427190676.0
2026-05-18 20:00:00,0.023152258863027818,0.109164936646145,354035183.0
2026-05-18 21:00:00,0.025409473697906974,0.11938621594374924,383077405.0
2026-05-18 22:00:00,0.028165906995817957,0.1303686448328325,427525604.0
2026-05-18 23:00:00,0.026681983457268355,0.12340605522882225,402840474.0
2026-05-19 00:00:00,0.02817176438617899,0.1308376542675061,428769875.0
2026-05-19 01:00:00,0.028198106872136034,0.13158953923993613,432945848.0
2026-05-19 02:00:00,0.025384878127035892,0.11871588761617126,384089332.0
2026-05-19 03:00:00,0.026189557122638592,0.1224387066605308,396318380.0
2026-05-19 04:00:00,0.028007020684662133,0.13038836168701365,428188343.0
2026-05-19 05:00:00,0.029306723627274753,0.13717211008497152,444951544.0
2026-05-19 06:00:00,0.028034683095135425,0.13148298256466584,429328220.0
2026-05-19 07:00:00,0.02678649394892281,0.12586534151199533,415315803.0
2026-05-19 08:00:00,0.024606965332858974,0.1163142812103471,370193937.0
2026-05-19 09:00:00,0.027518931051736167,0.12971388532993713,420011164.0
2026-05-19 10:00:00,0.026633738904916555,0.12557369266341034,406380947.0
2026-05-19 11:00:00,0.026499354926453684,0.12472833224986268,404762068.0
2026-05-19 12:00:00,0.024569365624605887,0.11629187741338072,375302535.0
2026-05-19 13:00:00,0.025260525873548878,0.11907600351181685,400457523.0
2026-05-19 14:00:00,0.026186008506504446,0.12328008690708551,388148784.0
2026-05-19 15:00:00,0.025857826244671766,0.12168385230063669,392557940.0
2026-05-19 16:00:00,0.023746823346358047,0.11194087061550852,361013792.0
2026-05-19 17:00:00,0.026373721526478714,0.12607487171144904,408855448.0
2026-05-19 18:00:00,0.027337364640533372,0.12904000564813742,401599362.0
2026-05-19 19:00:00,0.025085920687609096,0.11837143262935938,380230346.0
2026-05-19 20:00:00,0.022835517729082568,0.10779897306646473,346535115.0
2026-05-19 21:00:00,0.02367745534831236,0.11094011903324237,360529548.0
2026-05-19 22:00:00,0.022916377001747285,0.10792228909345934,349873138.0
2026-05-19 23:00:00,0.02253503052566757,0.10566162120182425,339722324.0
2026-05-20 00:00:00,0.0232271984757866,0.10943953242714081,358059681.0
2026-05-20 01:00:00,0.0231380703443911,0.10885602666396806,351864718.0
2026-05-20 02:00:00,0.02220712695390153,0.10441272491017071,335276724.0
2026-05-20 03:00:00,0.023326284994800987,0.11015817304961513,357477682.0
2026-05-20 04:00:00,0.022407694245850165,0.10602123148367096,343278062.0
2026-05-20 05:00:00,0.025422939954190916,0.11998974678590474,391027862.0
2026-05-20 06:00:00,0.027699136998166313,0.13126224591605512,434963110.0
2026-05-20 07:00:00,0.026983153722829743,0.12775177176934455,401678872.0
2026-05-20 08:00:00,0.02791688774814557,0.1320095102389299,428353121.0
2026-05-20 09:00:00,0.02686914883518662,0.1270607846102721,404657507.0
2026-05-20 10:00:00,0.027077174458222334,0.1279053292297116,415633540.0
2026-05-20 11:00:00,0.027705383009920138,0.13094190837770278,420270420.0
2026-05-20 12:00:00,0.027129441893455123,0.12809281496369387,418509261.0
2026-05-20 13:00:00,0.025417184923324836,0.11980988801968549,386566398.0
2026-05-20 14:00:00,0.026776450885619463,0.12547854094296906,408743016.0
2026-05-20 15:00:00,0.026627929844607833,0.1252980352148704,404833264.0
2026-05-20 16:00:00,0.02867289492237408,0.13541391985349732,438976080.0
2026-05-20 17:00:00,0.024851795148381248,0.11741578371066401,369576147.0
2026-05-20 18:00:00,0.02709323767302863,0.12840497273839505,415243448.0
2026-05-20 19:00:00,0.025354308191259594,0.11948930806471487,385687001.0
2026-05-20 20:00:00,0.024734309479701445,0.11670558832777556,375663801.0
2026-05-20 21:00:00,0.02342064469563031,0.11010685510604554,356302626.0
2026-05-20 22:00:00,0.026369364768213534,0.12450399186507913,399371523.0
2026-05-20 23:00:00,0.024602564711789038,0.1166684529692324,374450596.0
2026-05-21 00:00:00,0.027994435794430176,0.1328529391355415,428334230.0
2026-05-21 01:00:00,0.0294756011126255,0.14031656549556587,454241112.0
2026-05-21 02:00:00,0.029521386597741797,0.13932820819942576,457456590.0
2026-05-21 03:00:00,0.02518950924544068,0.11881736147155439,377998047.0
2026-05-21 04:00:00,0.026778742897856263,0.1265885596081078,410193678.0
2026-05-21 05:00:00,0.022641876241127613,0.10652788139357984,344971843.0
2026-05-21 06:00:00,0.023956953652309883,0.11277197698988604,367677972.0
2026-05-21 07:00:00,0.02917144347167327,0.1380246345697119,448965940.0
2026-05-21 08:00:00,0.029900514723262453,0.14209816788342602,462388580.0
2026-05-21 09:00:00,0.027321547268644313,0.12904473163350563,420140857.0
2026-05-21 10:00:00,0.02487072968654702,0.11693487879076096,378392700.0
2026-05-21 11:00:00,0.02503601602291771,0.11726941190016817,382894036.0
2026-05-21 12:00:00,0.022605704085143397,0.1060752470453563,347273800.0
2026-05-21 13:00:00,0.02713487332889932,0.12771332775035196,411296887.0
2026-05-21 14:00:00,0.026679139374948695,0.12529988917187054,410292265.0
2026-05-21 15:00:00,0.02557353971924755,0.11986550621733918,387103870.0
2026-05-21 16:00:00,0.026144869829277457,0.12134377748244395,398626135.0
2026-05-21 17:00:00,0.03299360715508774,0.1534140660464065,508910786.0
2026-05-21 18:00:00,0.029357934462770654,0.13642219657062013,428582445.0
2026-05-21 19:00:00,0.024506530227512105,0.11464206451305227,372534278.0
2026-05-21 20:00:00,0.02175357651596736,0.10140941931573098,329328726.0
2026-05-21 21:00:00,0.02342624424563985,0.11017469116292178,357952504.0
2026-05-21 22:00:00,0.022447559203629272,0.10583043863639365,343629615.0
2026-05-21 23:00:00,0.028448272682204734,0.1350477081866948,440709950.0
2026-05-22 00:00:00,0.02697665014207699,0.1278812344172732,419586702.0
2026-05-22 01:00:00,0.021276982685548597,0.09949868090097386,321783315.0
2026-05-22 02:00:00,0.025066649350670094,0.11802251594868572,382842848.0
2026-05-22 03:00:00,0.024068498613680402,0.11284841207234667,366569625.0
2026-05-22 04:00:00,0.025706491596464858,0.12165901439339998,399505071.0
2026-05-22 05:00:00,0.02404967894059009,0.11276599399373914,361977669.0
2026-05-22 06:00:00,0.023651565393195757,0.11125397787345177,361402982.0
2026-05-22 07:00:00,0.026523291005920716,0.12528310319007185,405938932.0
2026-05-22 08:00:00,0.027584594567818383,0.13015961344882152,415633559.0
2026-05-22 09:00:00,0.025760321642623128,0.12146250901743635,391143944.0
2026-05-22 10:00:00,0.025711303687277965,0.12125725281747683,394088007.0
2026-05-22 11:00:00,0.02268248952313737,0.10677583146578061,347274409.0
2026-05-22 12:00:00,0.026514900662669014,0.12440250848877009,402251365.0
2026-05-22 13:00:00,0.027788451597582413,0.13094583454080802,427651851.0
2026-05-22 14:00:00,0.02595105676604315,0.12211524815262256,395731151.0
2026-05-22 15:00:00,0.02780216347908242,0.13067100778001903,425496283.0
2026-05-22 16:00:00,0.02578727877475526,0.12093036499883318,383386178.0
2026-05-22 17:00:00,0.028875726412136784,0.1355853275124376,434837694.0
2026-05-22 18:00:00,0.029328017058815867,0.1387362303106169,452424309.0
2026-05-22 19:00:00,0.027679065934221814,0.13010521994973268,432081263.0
2026-05-22 20:00:00,0.024315797974161467,0.11432315226190287,355173688.0
2026-05-22 21:00:00,0.02342491483044994,0.11055708640168735,362153551.0
2026-05-22 22:00:00,0.02398304845098866,0.11372476886486764,369305258.0
2026-05-22 23:00:00,0.024470394689848074,0.11579726284627292,379868578.0
2026-05-23 00:00:00,0.029226799601743153,0.13790560334606533,444285484.0
2026-05-23 01:00:00,0.022716263849768218,0.10810828326599735,353256257.0
2026-05-23 02:00:00,0.02452176012036751,0.11643850374806357,382676329.0
2026-05-23 03:00:00,0.02456931290290654,0.11658194730740172,384015307.0
2026-05-23 04:00:00,0.023995462744537795,0.11277192346890756,367096148.0
2026-05-23 05:00:00,0.024244589087001115,0.11428416933352359,375951312.0
2026-05-23 06:00:00,0.023480794355979703,0.10992806603088537,352267067.0
2026-05-23 07:00:00,0.025273522540486378,0.11883257647988332,402691739.0
2026-05-23 08:00:00,0.02817035247252196,0.13290822491230378,416176492.0
2026-05-23 09:00:00,0.028516215826265588,0.13478764830175097,433177827.0
2026-05-23 10:00:00,0.026114815735213043,0.12369642952570568,398640830.0
2026-05-23 11:00:00,0.02342935322083795,0.1099584048243663,357581872.0
2026-05-23 12:00:00,0.025712536826290086,0.12141897383964695,393358672.0
2026-05-23 13:00:00,0.02448541095717241,0.11491581999857137,375851885.0
2026-05-23 14:00:00,0.025327273371939442,0.11929709797551119,387651968.0
2026-05-23 15:00:00,0.024223093987709315,0.1140110619125703,366679481.0
2026-05-23 16:00:00,0.02405490454509133,0.1132567068328709,365399602.0
2026-05-23 17:00:00,0.023250997118611363,0.1099803022903071,352175608.0
2026-05-23 18:00:00,0.027367144237262254,0.12916603487298303,412889151.0
2026-05-23 19:00:00,0.021463041042090382,0.1007534642052665,325186026.0
2026-05-23 20:00:00,0.02581429086820541,0.1214837495616989,412476993.0
2026-05-23 21:00:00,0.02601247028037917,0.12244531545939337,383786076.0
2026-05-23 22:00:00,0.02079849805986054,0.09738669618428883,317491852.0
2026-05-23 23:00:00,0.020316523912682335,0.09496316283401486,309169566.0
2026-05-24 00:00:00,0.02342593005637753,0.11022292850157397,359341213.0
2026-05-24 01:00:00,0.029927225879962598,0.14153243171854005,459831694.0
2026-05-24 02:00:00,0.02448296789719219,0.11531779318332494,370624691.0
2026-05-24 03:00:00,0.026336339967961118,0.12442670411491433,400815362.0
2026-05-24 04:00:00,0.02361047742098345,0.11199369199025863,366454244.0
2026-05-24 05:00:00,0.02906589784097765,0.13836669635307733,440147968.0
2026-05-24 06:00:00,0.02275091945980604,0.10765521420426374,352869036.0
2026-05-24 07:00:00,0.024959469254590316,0.11788425898145545,381587151.0
2026-05-24 08:00:00,0.024612521167269145,0.11655432708636508,379518212.0
2026-05-24 09:00:00,0.025696364359316243,0.12197243850569657,391445728.0
2026-05-24 10:00:00,0.02766170234808525,0.13104524844204354,424434477.0
2026-05-24 11:00:00,0.026355161180856904,0.12505362450406304,405485064.0
2026-05-24 12:00:00,0.026545100035260477,0.12549113592693495,405338356.0
2026-05-24 13:00:00,0.024598677297938458,0.11620587510826688,383378510.0
2026-05-24 14:00:00,0.028504362894169768,0.13440454369628776,427804821.0
2026-05-24 15:00:00,0.026826059684510715,0.12630782425008152,408095813.0
2026-05-24 16:00:00,0.02662813195503686,0.1259196522671441,402432233.0
2026-05-24 17:00:00,0.022856955511790577,0.10713799692837762,345122529.0
2026-05-24 18:00:00,0.023934828865009174,0.11296061349607825,360210081.0
2026-05-24 19:00:00,0.021917616470340955,0.10343591348878116,335919260.0
2026-05-24 20:00:00,0.020104921976093613,0.09434299206200833,311328718.0
2026-05-24 21:00:00,0.026127914767654477,0.12318553220204805,391520533.0
2026-05-24 22:00:00,0.02446797306193358,0.11566197503087754,374782790.0
2026-05-24 23:00:00,0.0210567886366457,0.09933642001797839,322503676.0
2026-05-25 00:00:00,0.022320277502589754,0.10504565852767209,340844474.0
2026-05-25 01:00:00,0.0217235696219979,0.10292776168864623,334991216.0
2026-05-25 02:00:00,0.022734700320604605,0.10714317582891125,347214010.0
2026-05-25 03:00:00,0.024458151057096627,0.11539722461555371,369197189.0
2026-05-25 04:00:00,0.02314871545258707,0.10922308085968191,355322911.0
2026-05-25 05:00:00,0.02171112004987976,0.1027408729012867,328838807.0
2026-05-25 06:00:00,0.02440761553686828,0.11542734615874505,372097733.0
2026-05-25 07:00:00,0.02567727077164547,0.12104616475860276,393535867.0
2026-05-25 08:00:00,0.024600096248025807,0.1162792766279321,375395454.0
2026-05-25 09:00:00,0.027132615697782553,0.12838749980438105,417180950.0
2026-05-25 10:00:00,0.024859638274980948,0.11725088140127735,376754336.0
2026-05-25 11:00:00,0.023977102439896404,0.11281998341030927,363898223.0
2026-05-25 12:00:00,0.026193585532479035,0.12339743293766159,402021145.0
2026-05-25 13:00:00,0.027419080693525506,0.1289951596971746,416315333.0
2026-05-25 14:00:00,0.02670953731235972,0.12597338449468024,408659616.0
2026-05-25 15:00:00,0.026806685511642885,0.12592060442796374,403545484.0
2026-05-25 16:00:00,0.026551005318480994,0.12364530667741502,407542701.0
2026-05-25 17:00:00,0.026085218920848124,0.12156511836364486,382571326.0
2026-05-25 18:00:00,0.02649068026865914,0.12332397496499696,399863248.0
2026-05-25 19:00:00,0.026466881611523264,0.1242649665594334,407094722.0
2026-05-25 20:00:00,0.025456749886091968,0.11936415780026835,386364574.0
2026-05-25 21:00:00,0.022799265008485555,0.10717361215519336,343190391.0
2026-05-25 22:00:00,0.023034761811180155,0.1083918501249877,350538674.0
2026-05-25 23:00:00,0.02116199937298723,0.09936086299739905,318390067.0
2026-05-26 00:00:00,0.023913289335911123,0.11262150249644898,367458516.0
2026-05-26 01:00:00,0.02447121299652349,0.1150455236172273,371217905.0
2026-05-26 02:00:00,0.021619038058031313,0.10206934634452117,324213588.0
2026-05-26 03:00:00,0.020417570548001116,0.0960067511359829,313875742.0
2026-05-26 04:00:00,0.021095919778386034,0.09983413576486969,320386493.0
2026-05-26 05:00:00,0.019633176552281972,0.0927584370029342,301255323.0
2026-05-26 06:00:00,0.024283216159758807,0.11430335825773802,373673533.0
2026-05-26 07:00:00,0.023057589169762065,0.10855434255030226,359708742.0
2026-05-26 08:00:00,0.023984725077744115,0.11311106118973685,359684682.0
2026-05-26 09:00:00,0.024770759144419587,0.11678245860910083,377695181.0
2026-05-26 10:00:00,0.02808239636838695,0.13187837781009365,438627935.0
2026-05-26 11:00:00,0.024904135997373858,0.11657119243700727,376160902.0
2026-05-26 12:00:00,0.025941789968506986,0.12168104212926045,399069661.0
2026-05-26 13:00:00,0.026566514057128534,0.12502628056035286,406142898.0
2026-05-26 14:00:00,0.02906604975432768,0.13658778352399206,448308062.0
2026-05-26 15:00:00,0.02854263558298263,0.13414526811819852,442734959.0
2026-05-26 16:00:00,0.026716661489485434,0.12601714357078628,405195596.0
2026-05-26 17:00:00,0.026892795395933852,0.12666062318376223,400806089.0
2026-05-26 18:00:00,0.028586389615503135,0.13362546133118533,432970359.0
2026-05-26 19:00:00,0.0273608135108227,0.12627685123341428,404765270.0
2026-05-26 20:00:00,0.0233621449161963,0.11000663297890734,346983752.0
2026-05-26 21:00:00,0.023076624393101073,0.10880807236042979,355553775.0
2026-05-26 22:00:00,0.022382734462624752,0.10565206796490453,344608632.0
2026-05-26 23:00:00,0.02505826744821353,0.11877218196583411,387420644.0
2026-05-27 00:00:00,0.023006620118645946,0.10887283163600919,355658580.0
2026-05-27 01:00:00,0.022927949769111257,0.1078990551402855,348459240.0
2026-05-27 02:00:00,0.023003886641762842,0.10757384981674108,354509166.0
2026-05-27 03:00:00,0.024301932320505287,0.11312582454732,370288501.0
2026-05-27 04:00:00,0.025624899757949224,0.11932030169356805,390427047.0
2026-05-27 05:00:00,0.023085245270171712,0.10776599611300546,348956523.0
2026-05-27 06:00:00,0.026009724137984008,0.12109060820191318,395024189.0
2026-05-27 07:00:00,0.023229234157213327,0.10770358663545898,357747587.0
2026-05-27 08:00:00,0.02652642499003196,0.124389123687781,399238188.0
2026-05-27 09:00:00,0.025993996582047072,0.12162142701606608,397513819.0
2026-05-27 10:00:00,0.02733975391645724,0.12805428586658113,410997810.0
2026-05-27 11:00:00,0.028811160453739538,0.13478309814477346,437985082.0
2026-05-27 12:00:00,0.029142198650769585,0.13754704885496782,450868003.0
2026-05-27 13:00:00,0.02898448900327618,0.13652992070734088,443461264.0
2026-05-27 14:00:00,0.026503242098641383,0.12449170199260769,398917176.0
2026-05-27 15:00:00,0.027965866217156035,0.13126422139665167,423188573.0
2026-05-27 16:00:00,0.027304575819591344,0.12778325761399542,415771896.0
2026-05-27 17:00:00,0.026990016224895236,0.12692107925057336,407700839.0
2026-05-27 18:00:00,0.026383335375726246,0.12373782189923033,399734249.0
2026-05-27 19:00:00,0.02565903355133575,0.12066566266661524,385229733.0
2026-05-27 20:00:00,0.0256748873045474,0.12077959218404419,391519994.0
2026-05-27 21:00:00,0.02743987850331879,0.12941792750430553,425507275.0
2026-05-27 22:00:00,0.025374402775517835,0.11928165282365694,379786447.0
2026-05-27 23:00:00,0.026140127580380493,0.12320570581685159,398733433.0
2026-05-28 00:00:00,0.025373455211534744,0.11943652743784794,380931619.0
2026-05-28 01:00:00,0.028337596160795286,0.1329712545702977,430589601.0
2026-05-28 02:00:00,0.02651253782267017,0.12459771512862255,404747475.0
2026-05-28 03:00:00,0.031102614668127044,0.14590341265791298,488093775.0
2026-05-28 04:00:00,0.02883139078242775,0.1361851448933049,424455486.0
2026-05-28 05:00:00,0.026638105224885054,0.12532217065513432,408629980.0
2026-05-28 06:00:00,0.027165552798505438,0.12841824919713668,414091821.0
2026-05-28 07:00:00,0.0277771053843544,0.13107411118511464,423525532.0
2026-05-28 08:00:00,0.025772244851705907,0.12127165989043698,391829637.0
2026-05-28 09:00:00,0.026607338969458355,0.1253114246575175,408338066.0
2026-05-28 10:00:00,0.027129298153162472,0.12769445510396826,410933146.0
2026-05-28 11:00:00,0.0265258134856185,0.12472152480284737,401708647.0
2026-05-28 12:00:00,0.027395461881490578,0.12876519500820366,419018597.0
2026-05-28 13:00:00,0.026455477134287145,0.12453159778399926,432040705.0
2026-05-28 14:00:00,0.026390272577386412,0.12409617874179082,383335889.0
2026-05-28 15:00:00,0.026305134751411535,0.12322680047615467,395939672.0
2026-05-28 16:00:00,0.025633419747859213,0.12152910365920283,391120900.0
2026-05-28 17:00:00,0.024906458886846502,0.11744420525726582,374761021.0
2026-05-28 18:00:00,0.023972604687738413,0.11349503991154754,357503465.0
2026-05-28 19:00:00,0.024285451380175908,0.11439875091843178,369090122.0
2026-05-28 20:00:00,0.024671272921004937,0.11639596931300138,380172526.0
2026-05-28 21:00:00,0.026905393869712222,0.1273834425539095,409894849.0
2026-05-28 22:00:00,0.028492574273765007,0.13526087939831813,437088642.0
2026-05-28 23:00:00,0.025141689853180663,0.11867410495093622,384014211.0
2026-05-29 00:00:00,0.023752106836273875,0.11169213986726248,358588241.0
2026-05-29 01:00:00,0.024126265214784965,0.11385973564495935,370128348.0
2026-05-29 02:00:00,0.0255061535464919,0.11979056847475307,390066882.0
2026-05-29 03:00:00,0.026310838376032732,0.1226597422815524,400162607.0
2026-05-29 04:00:00,0.02656044174667517,0.1240807560004749,403465885.0
2026-05-29 05:00:00,0.02798626550041368,0.13225738222135575,424840619.0
2026-05-29 06:00:00,0.035308038129800205,0.16788909226272883,541935082.0
2026-05-29 07:00:00,0.03212313830028111,0.15112501236980425,491259743.0
2026-05-29 08:00:00,0.028188286241751348,0.1331155423212599,432683058.0
2026-05-29 09:00:00,0.02116253111013821,0.09976114842391913,323890355.0
2026-05-29 10:00:00,0.023819989476466515,0.11248834146679479,362126386.0
2026-05-29 11:00:00,0.02619978047462973,0.12328017853927954,396131639.0
2026-05-29 12:00:00,0.027516001926615855,0.12960561073196036,417368947.0
2026-05-29 13:00:00,0.02655090559159429,0.1253140395528119,415807712.0
2026-05-29 14:00:00,0.027771233003211406,0.13117736509806063,427006231.0
2026-05-29 15:00:00,0.02791750338126493,0.13136731591446757,427781920.0
2026-05-29 16:00:00,0.026037845575334905,0.12220462823632171,389922155.0
2026-05-29 17:00:00,0.02706009488725013,0.12708019717567992,406434597.0
2026-05-29 18:00:00,0.024729010404555,0.1162329331537716,388916327.0
2026-05-29 19:00:00,0.019211179570401454,0.09031407058294559,286144053.0
2026-05-29 20:00:00,0.021213519562794058,0.09957007592152002,315974602.0
2026-05-29 21:00:00,0.023569723222935466,0.1108906504791729,358993724.0
2026-05-29 22:00:00,0.022313843031773875,0.10483537079410804,337346305.0
2026-05-29 23:00:00,0.02178294363283067,0.10217236935655344,333215965.0
2026-05-30 00:00:00,0.02174466720382003,0.10219017647547873,331482401.0
2026-05-30 01:00:00,0.02255952184494838,0.1061036529304366,346778971.0
2026-05-30 02:00:00,0.02444593067247449,0.11540242719437148,372168802.0
2026-05-30 03:00:00,0.02404134131148936,0.11284284304837824,365875136.0
2026-05-30 04:00:00,0.024470947922342078,0.11488130262090106,374086233.0
2026-05-30 05:00:00,0.023552284777335286,0.11067799948380008,355620773.0
2026-05-30 06:00:00,0.02148218015937579,0.10068158397784222,331335728.0
2026-05-30 07:00:00,0.023677081852862634,0.11108441110826482,358425241.0
2026-05-30 08:00:00,0.02319701947217851,0.1084678532944039,352238764.0
2026-05-30 09:00:00,0.0220075637817504,0.10324104818284177,333207669.0
2026-05-30 10:00:00,0.026633285972502075,0.12591803532667314,410824953.0
2026-05-30 11:00:00,0.022140080327265808,0.10381875371086317,333199579.0
2026-05-30 12:00:00,0.022388456828048856,0.1046903005696267,344098075.0
2026-05-30 13:00:00,0.025116138348495128,0.11890719729116354,380964418.0
2026-05-30 14:00:00,0.02607900697520462,0.12241620905644693,395941049.0
2026-05-30 15:00:00,0.02580163908666152,0.12067515716271345,388459840.0
2026-05-30 16:00:00,0.02522891845566892,0.11809993585316948,379061346.0
2026-05-30 17:00:00,0.025449320389316892,0.1186757556842311,381787577.0
2026-05-30 18:00:00,0.022124559319554475,0.10330872221089454,336225007.0
2026-05-30 19:00:00,0.023061725345331786,0.10734970458030878,350102346.0
2026-05-30 20:00:00,0.023937442641313002,0.11220587895981485,364520277.0
2026-05-30 21:00:00,0.031301740023335016,0.14866432417984793,484366154.0
2026-05-30 22:00:00,0.028923003501017917,0.13665460528994472,439773253.0
2026-05-30 23:00:00,0.024821313482070863,0.11545785011442146,380679507.0
2026-05-31 00:00:00,0.025438678400359165,0.11965597710836234,385410784.0
2026-05-31 01:00:00,0.02203446554175473,0.1034735866655203,339485773.0
2026-05-31 02:00:00,0.031261930744204025,0.1458941677878576,477155763.0
2026-05-31 03:00:00,0.02878980987646096,0.13504679814695716,438616522.0
2026-05-31 04:00:00,0.031212304824951798,0.14657427623756736,475383330.0
2026-05-31 05:00:00,0.034691908162482694,0.16352257662956415,537095780.0
2026-05-31 06:00:00,0.030863737988761783,0.14507926095259968,473800600.0
2026-05-31 07:00:00,0.029860816788675856,0.13954017081513015,451922651.0
2026-05-31 08:00:00,0.028969357713633473,0.1354381600204376,446193394.0
2026-05-31 09:00:00,0.027747770033821277,0.1303385129068851,412305383.0
2026-05-31 10:00:00,0.037479010439524556,0.17743496053370306,582058999.0
2026-05-31 11:00:00,0.03468896754942615,0.16360361615292637,530881645.0
2026-05-31 12:00:00,0.029925961567001527,0.14001114193858558,457389441.0
2026-05-31 13:00:00,0.02899530771407505,0.13613150267704774,438797323.0
2026-05-31 14:00:00,0.026993011740267005,0.1267269507156162,415724709.0
2026-05-31 15:00:00,0.02785121742995931,0.1308456585840336,420608024.0
2026-05-31 16:00:00,0.025691341557664782,0.11997048634780623,394989484.0
2026-05-31 17:00:00,0.026920384868862633,0.12618050068032727,406323349.0
2026-05-31 18:00:00,0.02465763264861434,0.11538682636343825,370965597.0
2026-05-31 19:00:00,0.025636678342766388,0.12075611112011467,391557538.0
2026-05-31 20:00:00,0.02569530392815683,0.12055602931687064,390465004.0
2026-05-31 21:00:00,0.02524601562985867,0.1186921341554122,383802062.0
2026-05-31 22:00:00,0.02638036196844271,0.12368413763224233,403786613.0
2026-05-31 23:00:00,0.026155076809456057,0.12273322880309198,397165497.0
2026-06-01 00:00:00,0.025911241133471923,0.1222617367988815,399582517.0
2026-06-01 01:00:00,0.027921910982076185,0.13194131817858534,429087000.0
2026-06-01 02:00:00,0.029593029417059106,0.1404443021348694,449574021.0
2026-06-01 03:00:00,0.026962989324887596,0.12716664331373456,410676375.0
2026-06-01 04:00:00,0.02649169224292713,0.12534178159318352,412133820.0
2026-06-01 05:00:00,0.028658144483999018,0.13444780988568114,438999686.0
2026-06-01 06:00:00,0.029062784203704905,0.13677664579366974,441852155.0
2026-06-01 07:00:00,0.027035018759359077,0.12726379524184678,416970953.0
2026-06-01 08:00:00,0.028479020634501646,0.13406182632416355,429765156.0
2026-06-01 09:00:00,0.026602330122106194,0.12471060135676226,412694056.0
2026-06-01 10:00:00,0.02491338442681975,0.11651594239256988,374847380.0
2026-06-01 11:00:00,0.0267390146345382,0.12546384343594472,402539348.0
2026-06-01 12:00:00,0.028821881539270643,0.13549283090744785,443853777.0
2026-06-01 13:00:00,0.026591740678322606,0.12544060078330782,424885623.0
2026-06-01 14:00:00,0.025893527931481062,0.12214107657223286,381334587.0
2026-06-01 15:00:00,0.02630157570572154,0.1238194226263171,407056516.0
2026-06-01 16:00:00,0.02732880446519221,0.12893567020127578,412100259.0
2026-06-01 17:00:00,0.026922179210272384,0.12663945939750532,409673969.0
2026-06-01 18:00:00,0.02376357581873635,0.11232663747779668,358241599.0
2026-06-01 19:00:00,0.026297099223284198,0.12398042203934512,398306340.0
2026-06-01 20:00:00,0.021287944176116656,0.10026085387598442,322796371.0
2026-06-01 21:00:00,0.025480976506238606,0.1206383010866975,388195917.0
2026-06-01 22:00:00,0.024572020548879015,0.11595132087608448,375788522.0
2026-06-01 23:00:00,0.01919267908162991,0.09077209546798236,291492248.0
2026-06-02 00:00:00,0.02676520842026047,0.12548375660220476,405598515.0
2026-06-02 01:00:00,0.024507618790073862,0.11571621492096973,379066540.0
2026-06-02 02:00:00,0.02932047817889765,0.13829034119767641,445922481.0
2026-06-02 03:00:00,0.027784075484480916,0.13091210439399872,427873585.0
2026-06-02 04:00:00,0.028928904523552127,0.1351002654707796,440092156.0
2026-06-02 05:00:00,0.03101155009635851,0.1467153097484769,480694017.0
2026-06-02 06:00:00,0.028276782308118007,0.13330680444521223,434703548.0
2026-06-02 07:00:00,0.028194488881909743,0.1327071614961863,430636868.0
2026-06-02 08:00:00,0.027352281222534088,0.12893176659161096,414667892.0
2026-06-02 09:00:00,0.027740016164127235,0.1306061017732245,430014879.0
2026-06-02 10:00:00,0.02490714264899052,0.11774495154610921,378081846.0
2026-06-02 11:00:00,0.025529265628743456,0.11998928518127462,388202074.0
2026-06-02 12:00:00,0.02688862701325856,0.1266867943449399,410234029.0
2026-06-02 13:00:00,0.026555113984159412,0.12470904622089728,409870976.0
2026-06-02 14:00:00,0.026474143212492213,0.12465159019253452,412652772.0
2026-06-02 15:00:00,0.02556013245536646,0.12023816785994154,399304855.0
2026-06-02 16:00:00,0.02714086908514721,0.12736981948904477,399150809.0
2026-06-02 17:00:00,0.025687312717375434,0.12111159969588627,379589163.0
2026-06-02 18:00:00,0.02744756125388041,0.12897103153559647,421422999.0
2026-06-02 19:00:00,0.028234275738894123,0.13290651636436554,429947930.0
2026-06-02 20:00:00,0.0261726843699157,0.12289890863612221,392148962.0
2026-06-02 21:00:00,0.02777920624868569,0.13117996131336968,413062968.0
2026-06-02 22:00:00,0.030860229490180403,0.14488103870185223,475604554.0
2026-06-02 23:00:00,0.03182310923367792,0.14984810613807364,476858165.0
2026-06-03 00:00:00,0.02786404937828145,0.13111992485253793,423325131.0
2026-06-03 01:00:00,0.02727068896212299,0.12852190855884427,419226417.0
2026-06-03 02:00:00,0.026498201271474963,0.12495419280675517,404367546.0
2026-06-03 03:00:00,0.029878819829709136,0.14071594611657215,468320065.0
2026-06-03 04:00:00,0.02780572891647177,0.1318313759108468,416424138.0
2026-06-03 05:00:00,0.02649258913660226,0.12388627414016767,404784516.0
2026-06-03 06:00:00,0.02574641454849983,0.1207634405995515,386716943.0
2026-06-03 07:00:00,0.02520734575163049,0.1181044644387856,378717763.0
2026-06-03 08:00:00,0.0249990379991854,0.11690250203146177,381800286.0
2026-06-03 09:00:00,0.026605765860847907,0.12490476195360875,399070556.0
2026-06-03 10:00:00,0.025664149337368488,0.12036162152568326,394094934.0
2026-06-03 11:00:00,0.027919457751516077,0.1312927099522903,423571843.0
2026-06-03 12:00:00,0.025713983665940486,0.12059858686404482,398769714.0
2026-06-03 13:00:00,0.026377321900372473,0.12411467436847234,407659851.0
2026-06-03 14:00:00,0.026232431480348966,0.12257611492625094,391162702.0
2026-06-03 15:00:00,0.024791429788587935,0.11608788106154883,376885274.0
2026-06-03 16:00:00,0.026686428972379907,0.12588006967323842,401719047.0
2026-06-03 17:00:00,0.027159342752894212,0.1275788225586524,408410410.0
2026-06-03 18:00:00,0.025370823203943762,0.11914487192520783,377485492.0
2026-06-03 19:00:00,0.02792777662319487,0.13159459781032745,433923021.0
2026-06-03 20:00:00,0.028487403512446746,0.1343496659223342,439801037.0
2026-06-03 21:00:00,0.028505656013028232,0.1344991768738975,426563865.0
2026-06-03 22:00:00,0.02666461379715554,0.12565513488132338,396945249.0
2026-06-03 23:00:00,0.027355302927451985,0.1290502442142069,415546931.0
2026-06-04 00:00:00,0.030997817195252367,0.14620432471592143,483374832.0
2026-06-04 01:00:00,0.03207207652407837,0.15154345086461374,499747850.0
2026-06-04 02:00:00,0.031253570811754644,0.1473509054294069,467985995.0
2026-06-04 03:00:00,0.028784113946802033,0.13598481079723954,432870538.0
2026-06-04 04:00:00,0.028545198914051186,0.13494637078116897,433518613.0
2026-06-04 05:00:00,0.02983666483053779,0.14110514253293888,450722265.0
2026-06-04 06:00:00,0.027393143773144384,0.12812949566671736,415161373.0
2026-06-04 07:00:00,0.027623297017362727,0.13012822760687356,433336359.0
2026-06-04 08:00:00,0.027722557628666447,0.13092102532348882,418561054.0
2026-06-04 09:00:00,0.028527613422188652,0.13438686305461078,434745377.0
2026-06-04 10:00:00,0.03070583973662444,0.145559262255377,473064747.0
2026-06-04 11:00:00,0.02844666696674235,0.13404142403365837,431901997.0
2026-06-04 12:00:00,0.02779888202540001,0.1313100965385976,420167620.0
2026-06-04 13:00:00,0.027236326097728993,0.1283100645124351,415674625.0
2026-06-04 14:00:00,0.02716536001760935,0.12773370957301294,408806183.0
2026-06-04 15:00:00,0.02597920859816809,0.12238450819398808,388385267.0
2026-06-04 16:00:00,0.02566783454116015,0.12033297657238362,392942405.0
2026-06-04 17:00:00,0.026372000079956937,0.12380817245891487,395890812.0
2026-06-04 18:00:00,0.024894899665543438,0.11672503947997023,377373766.0
2026-06-04 19:00:00,0.02476300101990243,0.11696863905138241,374953961.0
2026-06-04 20:00:00,0.027647631448047057,0.13071070140359808,421905239.0
2026-06-04 21:00:00,0.02789603177623215,0.1318825874383583,416557692.0
2026-06-04 22:00:00,0.031301221067116004,0.14858283752140217,478879925.0
2026-06-04 23:00:00,0.03114212629070759,0.14809608012833883,478926749.0
2026-06-05 00:00:00,0.02912485277078517,0.1374270740112966,450574527.0
2026-06-05 01:00:00,0.03005617039394027,0.14184521279149995,453254104.0
2026-06-05 02:00:00,0.02927885236855381,0.1387033339583856,451198139.0
2026-06-05 03:00:00,0.028813032697468516,0.13578929166548215,433637848.0
2026-06-05 04:00:00,0.029344133490508198,0.13902088255648895,450764042.0
2026-06-05 05:00:00,0.03384258128769985,0.15994421723650448,538171595.0
2026-06-05 06:00:00,0.03119835735971958,0.14667026128901073,487156492.0
2026-06-05 07:00:00,0.028647643313056265,0.13517440835520192,424336958.0
2026-06-05 08:00:00,0.02982974466454332,0.14075972963796343,438526453.0
2026-06-05 09:00:00,0.02869383238911333,0.1355826191163449,435090157.0
2026-06-05 10:00:00,0.025278166520542225,0.11934149017293182,383069549.0
2026-06-05 11:00:00,0.02628965998501799,0.12423122109427683,395209997.0
2026-06-05 12:00:00,0.029696591832368443,0.14037190973854305,461249666.0
2026-06-05 13:00:00,0.028582723018039692,0.13474348713906276,462256004.0
2026-06-05 14:00:00,0.027850003901060086,0.13139830040883219,425520040.0
2026-06-05 15:00:00,0.028643468147897585,0.13530773211646183,439874429.0
2026-06-05 16:00:00,0.02782352121809895,0.1316419589872444,422491646.0
2026-06-05 17:00:00,0.02748532111658133,0.12942963392317386,405783331.0
2026-06-05 18:00:00,0.030596870994675947,0.14474172820652476,484754181.0
2026-06-05 19:00:00,0.028246750952669212,0.13362550398926004,419518034.0
2026-06-05 20:00:00,0.028096037351149798,0.13250771795650676,420157128.0
2026-06-05 21:00:00,0.027645493153626313,0.130581851578542,414813721.0
2026-06-05 22:00:00,0.02841575078238228,0.13473391446826571,427149588.0
2026-06-05 23:00:00,0.03307295622724418,0.1575510351172439,514996205.0
2026-06-06 00:00:00,0.030152354198488593,0.14342500287031026,468076458.0
2026-06-06 01:00:00,0.034844857091748956,0.16663530647800834,540092144.0
2026-06-06 02:00:00,0.03651167093755047,0.17431553924736495,561925487.0
2026-06-06 03:00:00,0.035496882524274256,0.16782526806065057,542881372.0
2026-06-06 04:00:00,0.034078440982181546,0.16091975837251166,537055658.0
2026-06-06 05:00:00,0.0344652956654386,0.16291641795757822,519044585.0
2026-06-06 06:00:00,0.03130655389666065,0.14816729727839248,482270873.0
2026-06-06 07:00:00,0.03383168914657122,0.16063766276332542,521543359.0
2026-06-06 08:00:00,0.03313985945332139,0.1581082814016645,512362134.0
2026-06-06 09:00:00,0.03460129363427279,0.16414896248734456,531902567.0
2026-06-06 10:00:00,0.03208802450658376,0.1526343772274132,494195724.0
2026-06-06 11:00:00,0.031275742191161776,0.14861509782606377,481675456.0
2026-06-06 12:00:00,0.027378896229930748,0.12935057775099476,421721311.0
2026-06-06 13:00:00,0.030230188037938168,0.14317963482227145,465737332.0
2026-06-06 14:00:00,0.02909661435354346,0.13749760211123818,448358417.0
2026-06-06 15:00:00,0.02852018811864947,0.13482910196342393,430620036.0
2026-06-06 16:00:00,0.025459143352519885,0.1196750685444997,392347766.0
2026-06-06 17:00:00,0.027696678631964164,0.1308401780266646,424356794.0
2026-06-06 18:00:00,0.026316190557587632,0.12353916294723583,404725289.0
2026-06-06 19:00:00,0.022993868160705203,0.10797173682571076,348792559.0
2026-06-06 20:00:00,0.024417620925258166,0.11426710494021097,373815251.0
2026-06-06 21:00:00,0.03286508355894737,0.15297954141642606,497133756.0
2026-06-06 22:00:00,0.03359820403677602,0.1572352924797922,516066528.0
2026-06-06 23:00:00,0.032828221935183775,0.15462513156941374,506475726.0
2026-06-07 00:00:00,0.02619753934353628,0.12516032750285203,399706669.0
2026-06-07 01:00:00,0.033905731335396296,0.16058079389621663,522662902.0
2026-06-07 02:00:00,0.029338763262491806,0.14035121581493407,453584030.0
2026-06-07 03:00:00,0.0329657254644351,0.1554246115695004,506281201.0
2026-06-07 04:00:00,0.03191374956657845,0.1511998628130741,491578243.0
2026-06-07 05:00:00,0.033094594184100073,0.15697206313823056,512624699.0
2026-06-07 06:00:00,0.02614417631077073,0.12383947887248803,399639419.0
2026-06-07 07:00:00,0.03212065809355006,0.1527945783487776,500541272.0
2026-06-07 08:00:00,0.03169596684637019,0.14996222580780794,491800827.0
2026-06-07 09:00:00,0.033206733760472736,0.15769912204742512,495420841.0
2026-06-07 10:00:00,0.032174158584930126,0.15277331479572187,486758119.0
2026-06-07 11:00:00,0.02789162183264919,0.1321306217950724,429353394.0
2026-06-07 12:00:00,0.028966458088977385,0.13698224067495476,453008257.0
2026-06-07 13:00:00,0.02530332924342677,0.11916023952597538,389317136.0
2026-06-07 14:00:00,0.02706975534048935,0.12762768700585544,414002015.0
2026-06-07 15:00:00,0.02717923475454079,0.12813945121452436,414395643.0
2026-06-07 16:00:00,0.02503891687450826,0.11763301176273061,378626459.0
2026-06-07 17:00:00,0.023533703736942344,0.11032048219449775,363661403.0
2026-06-07 18:00:00,0.023557680955280047,0.11077599109456883,353281669.0
2026-06-07 19:00:00,0.027330302156564557,0.12896417421696332,420362322.0
2026-06-07 20:00:00,0.02766477483359168,0.13101572342543288,419831552.0
2026-06-07 21:00:00,0.029798849285463044,0.14171599652228986,464477733.0
2026-06-07 22:00:00,0.030318637768743568,0.14346685872646284,473427920.0
2026-06-07 23:00:00,0.02782489915652028,0.1316644588800942,424033131.0
2026-06-08 00:00:00,0.032198780398620994,0.15282735269129558,496107097.0
2026-06-08 01:00:00,0.027472115488153225,0.1297628038278681,420789388.0
2026-06-08 02:00:00,0.024272775163382464,0.1142590259297631,374993111.0
2026-06-08 03:00:00,0.0268002497742937,0.12731690496762352,414191980.0
2026-06-08 04:00:00,0.027068334964753357,0.1278872286578392,410514048.0
2026-06-08 05:00:00,0.025747469524833685,0.1217937516160862,396049969.0
2026-06-08 06:00:00,0.023555460334729862,0.11112422218780657,360660051.0
2026-06-08 07:00:00,0.024599957310396166,0.11608845901225359,378343671.0
2026-06-08 08:00:00,0.024394910636143668,0.11538172652733301,374712566.0
2026-06-08 09:00:00,0.025045557080015615,0.11813812354165541,385039056.0
2026-06-08 10:00:00,0.02513336407671625,0.11891930857908346,379613265.0
2026-06-08 11:00:00,0.02771926012957204,0.13088729970294477,423143115.0
2026-06-08 12:00:00,0.02568855945883244,0.12168537268545049,401652169.0
2026-06-08 13:00:00,0.026865885002311372,0.12676360649154192,404750245.0
2026-06-08 14:00:00,0.024930485737397774,0.1169068699700244,387625542.0
2026-06-08 15:00:00,0.024726426454628875,0.11599844954166608,381059141.0
2026-06-08 16:00:00,0.02612446832194605,0.12320666321846152,390022051.0
2026-06-08 17:00:00,0.0274922051604532,0.12993287969895506,412086068.0
2026-06-08 18:00:00,0.028858044071189526,0.13600425146073206,444694194.0
2026-06-08 19:00:00,0.033461387289273246,0.15796821905004296,520597634.0
2026-06-08 20:00:00,0.03605699291461116,0.17014552605020558,550626738.0
2026-06-08 21:00:00,0.035911573002233195,0.17023139140444532,549162257.0
2026-06-08 22:00:00,0.0330751170902588,0.15621139901392267,494109588.0
2026-06-08 23:00:00,0.03617741815911912,0.17116259953240034,566862081.0
2026-06-09 00:00:00,0.03484522546494747,0.16508384020729988,516304889.0
2026-06-09 01:00:00,0.024252179091630605,0.11436053056019722,370205054.0
2026-06-09 02:00:00,0.024230245657993324,0.11443441527980117,370031902.0
2026-06-09 03:00:00,0.02642528752055659,0.12458199510789934,401696175.0
2026-06-09 04:00:00,0.03660595787333488,0.17944186766911366,558183771.0
2026-06-09 05:00:00,0.025772794808624117,0.12281035773245894,393178739.0
2026-06-09 06:00:00,0.024019169575044238,0.11334166463144499,369138129.0
2026-06-09 07:00:00,0.02575651109501577,0.12117030522321535,390425115.0
2026-06-09 08:00:00,0.02479466282930207,0.1167973839060542,376535503.0
2026-06-09 09:00:00,0.024455285258272695,0.11566744646008388,371555217.0
2026-06-09 10:00:00,0.024989104933920984,0.11780050191501738,385720693.0
2026-06-09 11:00:00,0.024580493224202405,0.11628139239060431,372452503.0
2026-06-09 12:00:00,0.0275483460162467,0.1314021389563425,427840515.0
2026-06-09 13:00:00,0.030095582536429185,0.14493099040046514,460940206.0
2026-06-09 14:00:00,0.027832589121839536,0.13196660847680167,433150862.0
2026-06-09 15:00:00,0.025956423588513584,0.122787979361268,391637115.0
2026-06-09 16:00:00,0.025739115777113294,0.12161772398713919,393027588.0
2026-06-09 17:00:00,0.025224856539651203,0.11888602856075578,380054132.0
2026-06-09 18:00:00,0.024318470041807073,0.11500679850465549,371089839.0
2026-06-09 19:00:00,0.025259455872943953,0.11902665369414356,384997562.0
2026-06-09 20:00:00,0.02510474558637855,0.11834104195257357,376633457.0
2026-06-09 21:00:00,0.023360025147169554,0.10986413626339638,355480845.0
2026-06-09 22:00:00,0.022771793445717944,0.1074852514309806,346384012.0
2026-06-09 23:00:00,0.023042163475315992,0.10839309615315952,352314300.0
2026-06-10 00:00:00,0.028601350848393933,0.13507200869043665,431500797.0
2026-06-10 01:00:00,0.028139020371150344,0.13383305174969742,430152008.0
2026-06-10 02:00:00,0.028623909927005173,0.1360803311599281,436988539.0
2026-06-10 03:00:00,0.02548015691523409,0.12090575744567386,388217286.0
2026-06-10 04:00:00,0.023818576625617933,0.11262576449694192,363200824.0
2026-06-10 05:00:00,0.02299778833764789,0.10875582276041013,355456639.0
2026-06-10 06:00:00,0.02129681011823873,0.10048315606784142,323126821.0
2026-06-10 07:00:00,0.027250848139249422,0.1290544159658993,414970838.0
2026-06-10 08:00:00,0.02402955268262145,0.1137066024836873,367528461.0
2026-06-10 09:00:00,0.02566224709313239,0.12111045947688567,391541483.0
2026-06-10 10:00:00,0.025895489597445694,0.12240983406906174,394570679.0
2026-06-10 11:00:00,0.025457421323545993,0.11998572128738838,388107011.0
2026-06-10 12:00:00,0.026881514007576143,0.12739216838415263,415757041.0
2026-06-10 13:00:00,0.02399990289502041,0.11327979609988972,373567335.0
2026-06-10 14:00:00,0.024601843144908448,0.11630189549582627,371438812.0
2026-06-10 15:00:00,0.023612519316413123,0.11057328344919806,363590452.0
2026-06-10 16:00:00,0.02604917045147018,0.12249626336114476,386436548.0
2026-06-10 17:00:00,0.02593360898942667,0.12264033794693559,386789736.0
2026-06-10 18:00:00,0.023558844909184952,0.11146175889851553,362280717.0
2026-06-10 19:00:00,0.024150910909757177,0.11402391077876586,363834667.0
2026-06-10 20:00:00,0.025571700968452377,0.12011952192144193,387526693.0
2026-06-10 21:00:00,0.02411719341366476,0.11399798363300552,373883529.0
2026-06-10 22:00:00,0.024242126864385004,0.11436377529147407,367501579.0
2026-06-10 23:00:00,0.02529047546877609,0.1197563401731516,386967496.0
2026-06-11 00:00:00,0.021008594296143313,0.10095020534532875,325336540.0
2026-06-11 01:00:00,0.027615302583322534,0.13145403789924148,416972127.0
2026-06-11 02:00:00,0.02607464037164573,0.12390217683107455,398655757.0
2026-06-11 03:00:00,0.02721087818913927,0.12875839133259417,419725764.0
2026-06-11 04:00:00,0.027621530013464443,0.1318830285748132,422305332.0
2026-06-11 05:00:00,0.022730309867932622,0.10737482873216438,347388280.0
2026-06-11 06:00:00,0.02395072051264545,0.11344184640095986,364261088.0
2026-06-11 07:00:00,0.023588454281524975,0.11171437796742105,363056333.0
