gas_param,opcode,category,client,runtime_ms,exact,rounded,current,loss_round,rate_round,loss_current,rate_current,below_1,is_base,count,weight
OPCODE_JUMPDEST,JUMPDEST,Control flow,besu,1.8973861277016571e-06,0.1897386127701657,1,1,0.8102613872298343,0.8102613872298343,0.8102613872298343,0.8102613872298343,True,True,22444053954.0,0.07744652528116483
PRECOMPILE_BLAKE2F_PER_ROUND,BLAKE2F,Precompile,besu,2.2209551847594964e-06,0.22209551847594963,1,1,0.7779044815240503,0.7779044815240503,0.7779044815240503,0.7779044815240503,True,False,,
OPCODE_PUSH0,PUSH0,Stack,besu,2.6216739112873544e-06,0.26216739112873544,1,2,0.7378326088712646,0.7378326088712646,1.7378326088712646,0.8689163044356323,True,True,3816385828.0,0.013169003341225935
PRECOMPILE_SHA256_PER_WORD,SHA256,Precompile,geth,3.0626171070178995e-06,0.30626171070179,1,12,0.69373828929821,0.69373828929821,11.69373828929821,0.9744781907748509,True,False,,
OPCODE_SWAP,SWAP4,Stack,besu,3.168585877185588e-06,0.3168585877185588,1,3,0.6831414122814412,0.6831414122814412,2.683141412281441,0.8943804707604803,True,True,34392266838.0,0.11867559972030059
OPCODE_GASPRICE,GASPRICE,Block/tx,besu,3.4074146277525595e-06,0.34074146277525597,1,2,0.659258537224744,0.659258537224744,1.6592585372247441,0.8296292686123721,True,True,1388422.0,4.79095531245422e-06
OPCODE_BLOBBASEFEE,BLOBBASEFEE,Block/tx,besu,3.5326723437737055e-06,0.3532672343773705,1,2,0.6467327656226295,0.6467327656226295,1.6467327656226294,0.8233663828113147,True,True,59679.0,2.0593120974167463e-07
OPCODE_CHAINID,CHAINID,Block/tx,besu,3.541721958635796e-06,0.3541721958635796,1,2,0.6458278041364204,0.6458278041364204,1.6458278041364203,0.8229139020682101,True,True,9552989.0,3.2964000425927216e-05
OPCODE_BASEFEE,BASEFEE,Block/tx,besu,3.5695604233639813e-06,0.3569560423363981,1,2,0.6430439576636019,0.6430439576636019,1.6430439576636018,0.8215219788318009,True,True,1106595.0,3.818469596408928e-06
OPCODE_PREVRANDAO,PREVRANDAO,Block/tx,besu,3.60348802743442e-06,0.36034880274344205,1,2,0.639651197256558,0.639651197256558,1.639651197256558,0.819825598628279,True,True,,
OPCODE_GAS,GAS,Control flow,besu,3.6130001326843146e-06,0.3613000132684314,1,2,0.6386999867315686,0.6386999867315686,1.6386999867315686,0.8193499933657843,True,True,548639868.0,0.0018931629506150015
OPCODE_PC,PC,Control flow,besu,3.61555535524498e-06,0.361555535524498,1,2,0.6384444644755021,0.6384444644755021,1.638444464475502,0.819222232237751,True,True,1640460.0,5.660649681342307e-06
OPCODE_MSIZE,MSIZE,Memory,besu,3.794688214122974e-06,0.37946882141229743,1,2,0.6205311785877026,0.6205311785877026,1.6205311785877026,0.8102655892938513,True,True,274093.0,9.457984060008515e-07
OPCODE_GASLIMIT,GASLIMIT,Block/tx,besu,3.804684139420664e-06,0.3804684139420664,1,2,0.6195315860579336,0.6195315860579336,1.6195315860579336,0.8097657930289668,True,True,6332.0,2.184950183622855e-08
OPCODE_DUP,DUP2,Stack,besu,3.8049565865466046e-06,0.38049565865466045,1,3,0.6195043413453396,0.6195043413453396,2.6195043413453396,0.8731681137817798,True,True,51942052112.0,0.1792337275740087
OPCODE_TIMESTAMP,TIMESTAMP,Block/tx,besu,3.814447734821336e-06,0.3814447734821336,1,2,0.6185552265178664,0.6185552265178664,1.6185552265178664,0.8092776132589332,True,True,60894161.0,0.00021012430236656617
OPCODE_NUMBER,NUMBER,Block/tx,besu,3.818243231982728e-06,0.38182432319827286,1,2,0.6181756768017271,0.6181756768017271,1.618175676801727,0.8090878384008635,True,True,7392139.0,2.5507668138685516e-05
OPCODE_CLZ,CLZ,Bitwise,besu,3.936627102850435e-06,0.3936627102850435,1,5,0.6063372897149565,0.6063372897149565,4.606337289714957,0.9212674579429914,True,True,620815.0,2.1422139106851275e-06
OPCODE_CALLDATASIZE,CALLDATASIZE,Call context,besu,3.994445966494949e-06,0.3994445966494949,1,2,0.6005554033505052,0.6005554033505052,1.6005554033505052,0.8002777016752526,True,True,1158909520.0,0.003998988579479272
OPCODE_ISZERO,ISZERO,Comparison,besu,4.052605080183317e-06,0.40526050801833174,1,3,0.5947394919816682,0.5947394919816682,2.5947394919816684,0.8649131639938895,True,True,7748846104.0,0.02673853872046754
OPCODE_NOT,NOT,Bitwise,besu,4.178922523429293e-06,0.41789225234292926,1,3,0.5821077476570707,0.5821077476570707,2.5821077476570706,0.8607025825523569,True,True,941556571.0,0.0032489801053344216
OPCODE_PUSH,PUSH6,Stack,besu,4.482450986685209e-06,0.44824509866852086,1,3,0.5517549013314791,0.5517549013314791,2.551754901331479,0.850584967110493,True,True,72373387523.0,0.24973507005335896
OPCODE_CALLVALUE,CALLVALUE,Call context,besu,4.9571051213099935e-06,0.49571051213099937,1,2,0.5042894878690006,0.5042894878690006,1.5042894878690007,0.7521447439345004,True,True,302796818.0,0.0010448451722828746
OPCODE_ADD,ADD,Arithmetic,besu,1.0047238380601524e-05,1.0047238380601524,2,3,0.9952761619398476,0.4976380809699238,1.9952761619398476,0.6650920539799492,False,True,13267305065.0,0.04578079696454862
OPCODE_SHR,SHR,Bitwise,besu,5.0245210599395715e-06,0.5024521059939572,1,3,0.4975478940060428,0.4975478940060428,2.497547894006043,0.8325159646686809,True,True,2001885005.0,0.006907800077805733
OPCODE_SHL,SHL,Bitwise,besu,5.303862689664328e-06,0.5303862689664328,1,3,0.4696137310335672,0.4696137310335672,2.4696137310335673,0.8232045770111891,True,True,2575945845.0,0.00888868184939242
OPCODE_SUB,SUB,Arithmetic,besu,1.062650457246921e-05,1.0626504572469209,2,3,0.9373495427530791,0.46867477137653957,1.9373495427530791,0.645783180917693,False,True,4557717029.0,0.015727076215120914
OPCODE_MSTORE8_BASE,MSTORE8,Memory,besu,1.1126984798956496e-05,1.1126984798956496,2,3,0.8873015201043504,0.4436507600521752,1.8873015201043504,0.6291005067014501,False,True,58635975.0,0.00020233209782557666
OPCODE_ADDRESS,ADDRESS,Call context,erigon,5.569183233537793e-06,0.5569183233537792,1,2,0.4430816766462208,0.4430816766462208,1.4430816766462207,0.7215408383231103,True,True,115736888.0,0.00039936723734607994
OPCODE_COINBASE,COINBASE,Block/tx,erigon,5.586026426249474e-06,0.5586026426249474,1,2,0.4413973573750526,0.4413973573750526,1.4413973573750525,0.7206986786875262,True,True,1789948.0,6.176480118880863e-06
OPCODE_CALLER,CALLER,Call context,erigon,5.590969187852298e-06,0.5590969187852297,1,2,0.4409030812147703,0.4409030812147703,1.4409030812147703,0.7204515406073851,True,True,457619484.0,0.0015790836632899497
OPCODE_RETURNDATASIZE,RETURNDATASIZE,Call context,besu,5.66249557935352e-06,0.5662495579353519,1,2,0.4337504420646481,0.4337504420646481,1.433750442064648,0.716875221032324,True,True,563448575.0,0.00194426258276735
OPCODE_ORIGIN,ORIGIN,Block/tx,erigon,5.719103704736268e-06,0.5719103704736268,1,2,0.4280896295263732,0.4280896295263732,1.4280896295263732,0.7140448147631866,True,True,23834872.0,8.224574850446502e-05
OPCODE_MLOAD_BASE,MLOAD,Memory,besu,1.2473448882896496e-05,1.2473448882896496,2,3,0.7526551117103504,0.3763275558551752,1.7526551117103504,0.5842183705701168,False,True,6325867658.0,0.02182834128382972
OPCODE_EQ,EQ,Comparison,besu,1.2621416024160628e-05,1.2621416024160628,2,3,0.7378583975839372,0.3689291987919686,1.7378583975839372,0.5792861325279791,False,True,4331552685.0,0.014946662720250822
OPCODE_SMOD,SMOD,Arithmetic,besu,2.0127604072615668e-05,2.012760407261567,3,5,0.9872395927384332,0.3290798642461444,2.987239592738433,0.5974479185476866,False,True,14064853.0,4.853285398764761e-05
OPCODE_JUMPI,JUMPI,Control flow,besu,6.968489638670634e-06,0.6968489638670634,1,10,0.3031510361329366,0.3031510361329366,9.303151036132936,0.9303151036132936,True,True,14581442388.0,0.050315422020130576
OPCODE_GT,GT,Comparison,besu,2.1506010243283795e-05,2.1506010243283793,3,3,0.8493989756716207,0.28313299189054025,0.8493989756716207,0.28313299189054025,False,True,2525487567.0,0.008714568103685861
OPCODE_LT,LT,Comparison,besu,2.1607146332035873e-05,2.1607146332035874,3,3,0.8392853667964126,0.27976178893213755,0.8392853667964126,0.27976178893213755,False,True,3334481507.0,0.011506121258696564
OPCODE_SIGNEXTEND,SIGNEXTEND,Arithmetic,besu,2.203435182773129e-05,2.203435182773129,3,5,0.7965648172268711,0.2655216057422904,2.796564817226871,0.5593129634453742,False,True,459996808.0,0.0015872869711079079
OPCODE_KECCAK256_PER_WORD,KECCAK256,Hashing,nethermind,2.2335257352194506e-05,2.233525735219451,3,6,0.7664742647805491,0.2554914215935164,3.766474264780549,0.6277457107967582,False,False,,
OPCODE_XOR,XOR,Bitwise,besu,7.511208661920352e-06,0.7511208661920352,1,3,0.24887913380796478,0.24887913380796478,2.248879133807965,0.7496263779359883,True,True,191676139.0,0.0006614068463426561
OPCODE_DIV,DIV,Arithmetic,besu,1.5153297943120834e-05,1.5153297943120834,2,5,0.48467020568791663,0.24233510284395832,3.484670205687917,0.6969340411375834,False,True,1053518195.0,0.0036353202362843793
OPCODE_ADDMOD,ADDMOD,Arithmetic,besu,2.333141333885947e-05,2.333141333885947,3,8,0.6668586661140532,0.22228622203801773,5.666858666114053,0.7083573332642567,False,True,249100340.0,0.000859557538887422
OPCODE_MSTORE_BASE,MSTORE,Memory,besu,1.647370940276998e-05,1.647370940276998,2,3,0.35262905972300196,0.17631452986150098,1.352629059723002,0.45087635324100067,False,True,7470128871.0,0.02577678371506292
OPCODE_SGT,SGT,Comparison,besu,8.25813089297124e-06,0.825813089297124,1,3,0.17418691070287595,0.17418691070287595,2.174186910702876,0.724728970234292,True,True,444424450.0,0.0015335522483164662
OPCODE_SDIV,SDIV,Arithmetic,besu,1.6546109013629162e-05,1.6546109013629162,2,5,0.3453890986370838,0.1726945493185419,3.345389098637084,0.6690778197274168,False,True,77071165.0,0.00026594544554449996
OPCODE_AND,AND,Bitwise,besu,8.465927754256519e-06,0.8465927754256519,1,3,0.15340722457434808,0.15340722457434808,2.153407224574348,0.7178024081914494,True,True,6711415281.0,0.023158730338897957
OPCODE_MCOPY_BASE,MCOPY,Memory,besu,5.100096333548802e-05,5.1000963335488025,6,3,0.8999036664511975,0.1499839444085329,0.0,0.0,False,True,31499639.0,0.0001086941598501321
OPCODE_OR,OR,Bitwise,besu,8.524172240014657e-06,0.8524172240014657,1,3,0.1475827759985343,0.1475827759985343,2.147582775998534,0.7158609253328447,True,True,952026817.0,0.0032851092366045992
OPCODE_MULMOD,MULMOD,Arithmetic,besu,3.5696378338528256e-05,3.5696378338528256,4,8,0.4303621661471744,0.1075905415367936,4.430362166147175,0.5537952707683969,False,True,496180773.0,0.0017121450901397349
PRECOMPILE_RIPEMD160_PER_WORD,RIPEMD160,Precompile,besu,5.413890397204548e-05,5.413890397204548,6,120,0.5861096027954522,0.09768493379924204,114.58610960279545,0.9548842466899621,False,False,,
OPCODE_CALLDATALOAD,CALLDATALOAD,Call context,geth,9.117224750294417e-05,9.117224750294417,10,3,0.882775249705583,0.0882775249705583,0.0,0.0,False,True,2141259994.0,0.007388734076239061
OPCODE_KECCAK256_BASE,KECCAK256,Hashing,besu,0.0001102407325901,11.024073259009999,12,30,0.9759267409900012,0.08132722841583344,18.97592674099,0.6325308913663333,False,True,966740649.0,0.0033358814885474227
OPCODE_CALLDATACOPY_BASE,CALLDATACOPY,Call context,besu,8.320720568152291e-05,8.320720568152291,9,3,0.6792794318477089,0.07547549242752322,0.0,0.0,False,True,212393067.0,0.0007328936682594304
OPCODE_JUMP,JUMP,Control flow,besu,2.787843235819367e-05,2.787843235819367,3,8,0.21215676418063278,0.07071892139354426,5.212156764180633,0.6515195955225791,False,True,14172252347.0,0.048903451307528566
OPCODE_SLT,SLT,Comparison,besu,9.35004076090277e-06,0.9350040760902769,1,3,0.06499592390972309,0.06499592390972309,2.064995923909723,0.6883319746365744,True,True,947752973.0,0.0032703617062309807
PRECOMPILE_IDENTITY_PER_WORD,IDENTITY,Precompile,geth,9.435479635315751e-06,0.9435479635315752,1,3,0.05645203646842478,0.05645203646842478,2.056452036468425,0.6854840121561416,True,False,,
OPCODE_BYTE,BYTE,Bitwise,besu,9.566795177506436e-06,0.9566795177506436,1,3,0.04332048224935636,0.04332048224935636,2.0433204822493565,0.6811068274164521,True,True,77505242.0,0.00026744329238729284
OPCODE_MOD,MOD,Arithmetic,besu,1.9518163869431905e-05,1.9518163869431906,2,5,0.048183613056809405,0.024091806528404702,3.0481836130568096,0.6096367226113619,False,True,60573818.0,0.00020901891150005908
OPCODE_MUL,MUL,Arithmetic,besu,9.880714279903596e-06,0.9880714279903595,1,5,0.011928572009640481,0.011928572009640481,4.011928572009641,0.8023857144019282,True,True,1946471825.0,0.006716588710439772
OPCODE_SAR,SAR,Bitwise,besu,1.981376210885392e-05,1.981376210885392,2,3,0.018623789114607936,0.009311894557303968,1.018623789114608,0.33954126303820265,False,True,345834642.0,0.0011933535447584403
PRECOMPILE_IDENTITY_BASE,IDENTITY,Precompile,erigon,0.0009541732234979,95.41732234979,96,15,0.5826776502100017,0.006069558856354185,0.0,0.0,False,True,,
PRECOMPILE_RIPEMD160_BASE,RIPEMD160,Precompile,erigon,0.0009343797938943,93.43797938943,94,600,0.5620206105700021,0.00597894266563832,506.56202061057,0.84427003435095,False,True,,
OPCODE_EXP_BASE,EXP,Arithmetic,besu,0.0010938695063995,109.38695063995,110,10,0.6130493600499989,0.005573176000454536,0.0,0.0,False,True,181359862.0,0.0006258090078627854
PRECOMPILE_ECADD,ECADD,Precompile,erigon,0.0010753805466295,107.53805466295,108,150,0.46194533704999685,0.004277271639351822,42.46194533705,0.28307963558033333,False,True,,
PRECOMPILE_BLS_G1ADD,BLS12_G1ADD,BLS12-381,besu,0.0017431065945297,174.31065945297,175,375,0.6893405470300138,0.003939088840171507,200.68934054703,0.53517157479208,False,True,,
PRECOMPILE_BLAKE2F_BASE,BLAKE2F,Precompile,erigon,0.0009380582892892,93.80582892892001,94,0,0.19417107107999243,0.002065649692340345,,,False,True,,
PRECOMPILE_SHA256_BASE,SHA256,Precompile,erigon,0.0009584424454663,95.84424454663,96,60,0.15575545337000563,0.001622452639270892,0.0,0.0,False,True,,
PRECOMPILE_BLS_G2ADD,BLS12_G2ADD,BLS12-381,besu,0.0021167881474208,211.67881474208,212,600,0.32118525792000696,0.0015150248015094669,388.32118525792,0.6472019754298667,False,True,,
PRECOMPILE_ECMUL,ECMUL,Precompile,reth,0.0083921249191521,839.2124919152101,840,6000,0.7875080847899198,0.0009375096247499046,5160.78750808479,0.8601312513474649,False,True,,
OPCODE_RETURNDATACOPY_BASE,RETURNDATACOPY,Call context,besu,3.996526151306159e-05,3.996526151306159,4,3,0.0034738486938410418,0.0008684621734602604,0.0,0.0,False,True,122828521.0,0.0004238379651185624
PRECOMPILE_BLS_G1MAP,BLS12_MAP_FP_TO_G1,BLS12-381,erigon,0.010372295419439,1037.2295419439,1038,5500,0.7704580561000967,0.0007422524625241779,4462.7704580561,0.8114128105556546,False,True,,
PRECOMPILE_P256VERIFY,P256VERIFY,Precompile,erigon,0.0140501979167221,1405.01979167221,1406,6900,0.9802083277900238,0.00069716097282363,5494.98020832779,0.7963739432359116,False,True,,
PRECOMPILE_ECRECOVER,ECRECOVER,Precompile,erigon,0.0084646062304449,846.46062304449,847,3000,0.5393769555099652,0.0006368086841912222,2153.53937695551,0.71784645898517,False,True,,
PRECOMPILE_BLS_G2MAP,BLS12_MAP_FP_TO_G2,BLS12-381,erigon,0.0448965111249839,4489.65111249839,4490,23800,0.3488875016100792,7.770322975725594e-05,19310.348887501612,0.8113591969538493,False,True,,
PRECOMPILE_ECPAIRING_BASE,ECPAIRING,Precompile,reth,0.0824659741485765,8246.59741485765,8247,45000,0.40258514235028997,4.881595032742694e-05,36753.40258514235,0.81674227966983,False,True,,
PRECOMPILE_POINT_EVALUATION,POINT_EVALUATION,Precompile,nethermind,0.2343618309341056,23436.18309341056,23437,50000,0.8169065894398955,3.4855424731829816e-05,26563.81690658944,0.5312763381317888,False,True,,
PRECOMPILE_ECPAIRING_PER_POINT,ECPAIRING,Precompile,nethermind,0.1171688871420714,11716.888714207138,11717,34000,0.11128579286196327,9.497805996583022e-06,22283.11128579286,0.6553856260527312,False,False,,
