hour_start,total_gas_used,block_count
2026-05-12 08:00:00,8637762794,300
2026-05-12 09:00:00,8879239779,299
2026-05-12 10:00:00,8918956196,299
2026-05-12 11:00:00,9167031617,299
2026-05-12 12:00:00,8828649679,297
2026-05-12 13:00:00,9245787814,299
2026-05-12 14:00:00,8975662778,299
2026-05-12 15:00:00,9205752187,299
2026-05-12 16:00:00,8799260400,299
2026-05-12 17:00:00,8910671362,298
2026-05-12 18:00:00,9049004278,300
2026-05-12 19:00:00,9005567719,300
2026-05-12 20:00:00,8954606732,298
2026-05-12 21:00:00,9111272220,300
2026-05-12 22:00:00,9044169246,300
2026-05-12 23:00:00,9121540394,300
2026-05-13 00:00:00,9099712999,299
2026-05-13 01:00:00,9170130368,299
2026-05-13 02:00:00,9002462393,299
2026-05-13 03:00:00,9082189540,300
2026-05-13 04:00:00,9090440048,300
2026-05-13 05:00:00,9156073648,300
2026-05-13 06:00:00,9017952947,299
2026-05-13 07:00:00,9142773845,300
2026-05-13 08:00:00,9204443977,299
2026-05-13 09:00:00,8892362358,297
2026-05-13 10:00:00,8970588017,298
2026-05-13 11:00:00,9037169327,299
2026-05-13 12:00:00,9399665431,298
2026-05-13 13:00:00,9071225772,299
2026-05-13 14:00:00,9071244029,297
2026-05-13 15:00:00,9096348529,298
2026-05-13 16:00:00,8809875977,298
2026-05-13 17:00:00,8973544061,298
2026-05-13 18:00:00,8813624395,297
2026-05-13 19:00:00,8877828141,297
2026-05-13 20:00:00,9150780413,298
2026-05-13 21:00:00,8788379023,296
2026-05-13 22:00:00,8979646904,297
2026-05-13 23:00:00,8979914064,297
2026-05-14 00:00:00,9118918212,300
2026-05-14 01:00:00,9014874430,299
2026-05-14 02:00:00,9125576681,298
2026-05-14 03:00:00,8992585559,297
2026-05-14 04:00:00,9100456626,300
2026-05-14 05:00:00,9009030271,298
2026-05-14 06:00:00,9062300828,299
2026-05-14 07:00:00,9193281409,299
2026-05-14 08:00:00,9021281286,300
2026-05-14 09:00:00,9026578799,299
2026-05-14 10:00:00,9134742974,300
2026-05-14 11:00:00,9200321761,300
2026-05-14 12:00:00,9032973363,300
2026-05-14 13:00:00,9233423022,300
2026-05-14 14:00:00,9060050847,298
2026-05-14 15:00:00,9148882479,298
2026-05-14 16:00:00,8996190072,299
2026-05-14 17:00:00,8769721603,299
2026-05-14 18:00:00,9154442550,300
2026-05-14 19:00:00,9070398683,298
2026-05-14 20:00:00,8970037596,300
2026-05-14 21:00:00,8826102714,297
2026-05-14 22:00:00,8971348992,299
2026-05-14 23:00:00,9003057948,298
2026-05-15 00:00:00,9054771033,299
2026-05-15 01:00:00,9180587355,299
2026-05-15 02:00:00,8977071765,298
2026-05-15 03:00:00,8999117791,298
2026-05-15 04:00:00,9171007707,299
2026-05-15 05:00:00,8909364684,296
2026-05-15 06:00:00,9153496484,300
2026-05-15 07:00:00,9061604960,300
2026-05-15 08:00:00,9054426921,300
2026-05-15 09:00:00,9006001754,299
2026-05-15 10:00:00,9233671570,300
2026-05-15 11:00:00,8882377231,298
2026-05-15 12:00:00,9218760621,300
2026-05-15 13:00:00,9707759063,299
2026-05-15 14:00:00,8607203740,300
2026-05-15 15:00:00,9042067167,299
2026-05-15 16:00:00,9695152142,300
2026-05-15 17:00:00,9168012929,300
2026-05-15 18:00:00,9156266974,299
2026-05-15 19:00:00,8391510441,300
2026-05-15 20:00:00,8848089236,300
2026-05-15 21:00:00,8977856903,299
2026-05-15 22:00:00,9075656065,299
2026-05-15 23:00:00,9163194599,299
2026-05-16 00:00:00,9062620736,299
2026-05-16 01:00:00,9086316027,298
2026-05-16 02:00:00,9150318138,300
2026-05-16 03:00:00,9105340323,300
2026-05-16 04:00:00,9085864000,299
2026-05-16 05:00:00,9089335387,299
2026-05-16 06:00:00,9224705623,299
2026-05-16 07:00:00,8907111461,300
2026-05-16 08:00:00,9189532284,300
2026-05-16 09:00:00,8981070384,298
2026-05-16 10:00:00,9123600546,299
2026-05-16 11:00:00,9038523446,298
2026-05-16 12:00:00,9129569804,300
2026-05-16 13:00:00,9278726167,298
2026-05-16 14:00:00,9288821373,300
2026-05-16 15:00:00,8571784326,299
2026-05-16 16:00:00,9120806146,299
2026-05-16 17:00:00,8846522240,300
2026-05-16 18:00:00,9036576217,300
2026-05-16 19:00:00,9074553072,300
2026-05-16 20:00:00,9037883037,300
2026-05-16 21:00:00,9050020050,298
2026-05-16 22:00:00,9103176149,300
2026-05-16 23:00:00,9039832873,300
2026-05-17 00:00:00,9175325076,299
2026-05-17 01:00:00,9076792715,300
2026-05-17 02:00:00,9049687599,298
2026-05-17 03:00:00,8979262091,300
2026-05-17 04:00:00,9137953078,299
2026-05-17 05:00:00,9120443725,300
2026-05-17 06:00:00,8891841732,294
2026-05-17 07:00:00,9123856027,299
2026-05-17 08:00:00,9058558673,297
2026-05-17 09:00:00,9001656557,299
2026-05-17 10:00:00,9061331285,300
2026-05-17 11:00:00,9040825940,299
2026-05-17 12:00:00,9166574232,299
2026-05-17 13:00:00,9133407521,300
2026-05-17 14:00:00,9362947232,299
2026-05-17 15:00:00,8707828211,300
2026-05-17 16:00:00,8877579618,297
2026-05-17 17:00:00,9039642368,298
2026-05-17 18:00:00,9192884880,300
2026-05-17 19:00:00,8994944368,300
2026-05-17 20:00:00,8995304533,299
2026-05-17 21:00:00,9063903775,300
2026-05-17 22:00:00,9007052407,300
2026-05-17 23:00:00,9429953957,300
2026-05-18 00:00:00,8823109461,299
2026-05-18 01:00:00,9118169597,300
2026-05-18 02:00:00,9059851894,300
2026-05-18 03:00:00,9054676204,298
2026-05-18 04:00:00,9193385577,300
2026-05-18 05:00:00,9116776211,300
2026-05-18 06:00:00,9134088542,300
2026-05-18 07:00:00,8981608064,297
2026-05-18 08:00:00,8923554883,298
2026-05-18 09:00:00,9039789759,299
2026-05-18 10:00:00,9061688854,298
2026-05-18 11:00:00,9121813106,300
2026-05-18 12:00:00,9075255226,299
2026-05-18 13:00:00,9024639856,300
2026-05-18 14:00:00,9113804472,300
2026-05-18 15:00:00,9297696562,300
2026-05-18 16:00:00,8718655527,298
2026-05-18 17:00:00,9095053539,300
2026-05-18 18:00:00,8953079376,300
2026-05-18 19:00:00,9032820742,299
2026-05-18 20:00:00,9086250482,297
2026-05-18 21:00:00,8966453242,299
2026-05-18 22:00:00,9074004034,299
2026-05-18 23:00:00,9023602254,298
2026-05-19 00:00:00,9072421801,296
2026-05-19 01:00:00,9132402364,299
2026-05-19 02:00:00,9016935854,298
2026-05-19 03:00:00,9026552769,298
2026-05-19 04:00:00,9127350583,300
2026-05-19 05:00:00,9036690630,300
2026-05-19 06:00:00,9115515370,300
2026-05-19 07:00:00,9228826331,300
2026-05-19 08:00:00,8948473184,300
2026-05-19 09:00:00,9076621168,300
2026-05-19 10:00:00,9069477640,300
2026-05-19 11:00:00,9088130831,299
2026-05-19 12:00:00,9073827314,300
2026-05-19 13:00:00,9425058175,300
2026-05-19 14:00:00,8816683200,298
2026-05-19 15:00:00,9031657900,300
2026-05-19 16:00:00,9044150396,297
2026-05-19 17:00:00,9176220497,299
2026-05-19 18:00:00,8731725891,300
2026-05-19 19:00:00,9009311126,299
2026-05-19 20:00:00,9026036612,300
2026-05-19 21:00:00,9074164181,300
2026-05-19 22:00:00,9088425755,299
2026-05-19 23:00:00,8980182926,299
2026-05-20 00:00:00,9151221480,299
2026-05-20 01:00:00,9047660111,299
2026-05-20 02:00:00,8990469158,297
2026-05-20 03:00:00,9112740236,300
2026-05-20 04:00:00,9100719975,299
2026-05-20 05:00:00,9135109094,299
2026-05-20 06:00:00,9307865222,300
2026-05-20 07:00:00,8821966944,300
2026-05-20 08:00:00,9105744515,300
2026-05-20 09:00:00,8949392704,297
2026-05-20 10:00:00,9117868947,298
2026-05-20 11:00:00,9012957935,300
2026-05-20 12:00:00,9171627749,300
2026-05-20 13:00:00,9043564723,299
2026-05-20 14:00:00,9087317874,299
2026-05-20 15:00:00,9039855783,299
2026-05-20 16:00:00,9091800767,299
2026-05-20 17:00:00,8828449370,300
2026-05-20 18:00:00,9053713391,299
2026-05-20 19:00:00,9042500628,300
2026-05-20 20:00:00,9026084460,298
2026-05-20 21:00:00,9061031528,298
2026-05-20 22:00:00,8986250959,299
2026-05-20 23:00:00,9026720973,298
2026-05-21 00:00:00,9020219732,297
2026-05-21 01:00:00,9042350455,298
2026-05-21 02:00:00,9165537186,297
2026-05-21 03:00:00,8919922786,298
2026-05-21 04:00:00,9084945292,299
2026-05-21 05:00:00,9061513666,300
2026-05-21 06:00:00,9121189523,299
2026-05-21 07:00:00,9089325297,300
2026-05-21 08:00:00,9102958424,300
2026-05-21 09:00:00,9093118050,300
2026-05-21 10:00:00,9041990984,299
2026-05-21 11:00:00,9120837436,300
2026-05-21 12:00:00,9144439581,300
2026-05-21 13:00:00,8998915049,299
2026-05-21 14:00:00,9136193045,300
2026-05-21 15:00:00,9012740316,299
2026-05-21 16:00:00,9128292044,300
2026-05-21 17:00:00,9254025611,298
2026-05-21 18:00:00,8752154440,299
2026-05-21 19:00:00,9056519004,300
2026-05-21 20:00:00,9042558338,298
2026-05-21 21:00:00,9072473641,300
2026-05-21 22:00:00,9077251575,298
2026-05-21 23:00:00,9102495930,300
2026-05-22 00:00:00,9157993435,300
2026-05-22 01:00:00,9010030423,297
2026-05-22 02:00:00,9059811703,299
2026-05-22 03:00:00,9064416886,299
2026-05-22 04:00:00,9183429732,298
2026-05-22 05:00:00,8953222841,300
2026-05-22 06:00:00,9073278604,300
2026-05-22 07:00:00,9060202413,299
2026-05-22 08:00:00,8932620395,296
2026-05-22 09:00:00,9005462882,299
2026-05-22 10:00:00,9083977069,299
2026-05-22 11:00:00,9089729541,299
2026-05-22 12:00:00,9028959909,300
2026-05-22 13:00:00,9129317987,300
2026-05-22 14:00:00,9069201202,299
2026-05-22 15:00:00,9096315955,299
2026-05-22 16:00:00,8846749914,297
2026-05-22 17:00:00,8948828509,299
2026-05-22 18:00:00,9127765272,298
2026-05-22 19:00:00,9269765178,300
2026-05-22 20:00:00,8677221892,297
2026-05-22 21:00:00,9146073305,299
2026-05-22 22:00:00,9072070395,300
2026-05-22 23:00:00,9179171580,299
2026-05-23 00:00:00,8992029261,299
2026-05-23 01:00:00,9147306154,300
2026-05-23 02:00:00,9159833870,300
2026-05-23 03:00:00,9203376470,298
2026-05-23 04:00:00,9083676771,300
2026-05-23 05:00:00,9188084017,300
2026-05-23 06:00:00,8932409041,297
2026-05-23 07:00:00,9459302279,299
2026-05-23 08:00:00,8751874750,299
2026-05-23 09:00:00,9053129235,299
2026-05-23 10:00:00,9016061165,300
2026-05-23 11:00:00,9082075405,300
2026-05-23 12:00:00,9054251309,299
2026-05-23 13:00:00,9132164778,300
2026-05-23 14:00:00,9091824720,298
2026-05-23 15:00:00,8998511251,297
2026-05-23 16:00:00,9032031385,299
2026-05-23 17:00:00,8994792152,298
2026-05-23 18:00:00,8938747032,298
2026-05-23 19:00:00,9017073193,298
2026-05-23 20:00:00,9483820468,299
2026-05-23 21:00:00,8758095512,299
2026-05-23 22:00:00,9099919685,300
2026-05-23 23:00:00,9074175250,299
2026-05-24 00:00:00,9106434680,300
2026-05-24 01:00:00,9082987665,298
2026-05-24 02:00:00,8995730598,300
2026-05-24 03:00:00,9029002820,300
2026-05-24 04:00:00,9169335071,298
2026-05-24 05:00:00,8895480296,299
2026-05-24 06:00:00,9187074109,299
2026-05-24 07:00:00,9066771479,300
2026-05-24 08:00:00,9140003192,300
2026-05-24 09:00:00,9016331302,298
2026-05-24 10:00:00,9073882187,300
2026-05-24 11:00:00,9102875509,300
2026-05-24 12:00:00,9049076662,299
2026-05-24 13:00:00,9247343081,300
2026-05-24 14:00:00,8911229747,299
2026-05-24 15:00:00,9040309125,297
2026-05-24 16:00:00,8962154958,299
2026-05-24 17:00:00,9001816737,298
2026-05-24 18:00:00,8937360411,297
2026-05-24 19:00:00,9093816484,299
2026-05-24 20:00:00,9235811247,300
2026-05-24 21:00:00,8895605822,299
2026-05-24 22:00:00,9084567249,299
2026-05-24 23:00:00,9092460036,300
2026-05-25 00:00:00,9082784747,299
2026-05-25 01:00:00,9110423992,299
2026-05-25 02:00:00,9077172657,297
2026-05-25 03:00:00,8964037189,299
2026-05-25 04:00:00,9115045222,300
2026-05-25 05:00:00,8979107675,296
2026-05-25 06:00:00,9038648467,297
2026-05-25 07:00:00,9107760432,299
2026-05-25 08:00:00,9049647676,299
2026-05-25 09:00:00,9108351943,300
2026-05-25 10:00:00,9010692960,299
2026-05-25 11:00:00,9028627723,299
2026-05-25 12:00:00,9133053552,300
2026-05-25 13:00:00,9033093865,298
2026-05-25 14:00:00,9087917364,295
2026-05-25 15:00:00,8952598486,300
2026-05-25 16:00:00,9176797551,300
2026-05-25 17:00:00,8763345332,297
2026-05-25 18:00:00,9026944565,300
2026-05-25 19:00:00,9164408208,300
2026-05-25 20:00:00,9059992749,297
2026-05-25 21:00:00,8971350642,299
2026-05-25 22:00:00,9059229701,299
2026-05-25 23:00:00,8966173188,298
2026-05-26 00:00:00,9136316632,299
2026-05-26 01:00:00,9038284637,300
2026-05-26 02:00:00,8899075063,298
2026-05-26 03:00:00,9114536595,299
2026-05-26 04:00:00,8994694572,298
2026-05-26 05:00:00,9089207538,299
2026-05-26 06:00:00,9103410296,300
2026-05-26 07:00:00,9248891636,299
2026-05-26 08:00:00,8900976103,300
2026-05-26 09:00:00,9022913335,298
2026-05-26 10:00:00,9269322684,300
2026-05-26 11:00:00,8988375430,298
2026-05-26 12:00:00,9148507383,300
2026-05-26 13:00:00,9077336962,299
2026-05-26 14:00:00,9165492988,299
2026-05-26 15:00:00,9217916021,300
2026-05-26 16:00:00,8998951374,300
2026-05-26 17:00:00,8852763606,299
2026-05-26 18:00:00,9026737895,298
2026-05-26 19:00:00,8864042087,298
2026-05-26 20:00:00,8804308039,299
2026-05-26 21:00:00,9123999772,300
2026-05-26 22:00:00,9113517893,300
2026-05-26 23:00:00,9094486885,300
2026-05-27 00:00:00,9118261469,300
2026-05-27 01:00:00,9007966775,299
2026-05-27 02:00:00,9172725139,300
2026-05-27 03:00:00,9092545135,300
2026-05-27 04:00:00,9094213450,298
2026-05-27 05:00:00,9015666863,298
2026-05-27 06:00:00,9058204642,299
2026-05-27 07:00:00,9219036800,297
2026-05-27 08:00:00,8959803897,297
2026-05-27 09:00:00,9128315937,300
2026-05-27 10:00:00,8963728318,299
2026-05-27 11:00:00,9070477521,300
2026-05-27 12:00:00,9184336868,298
2026-05-27 13:00:00,9088144361,299
2026-05-27 14:00:00,8953680783,297
2026-05-27 15:00:00,8995568797,298
2026-05-27 16:00:00,9071048201,299
2026-05-27 17:00:00,8992276355,300
2026-05-27 18:00:00,9023663914,298
2026-05-27 19:00:00,8933487486,299
2026-05-27 20:00:00,9074565250,300
2026-05-27 21:00:00,9201181069,299
2026-05-27 22:00:00,8904359524,300
2026-05-27 23:00:00,9070665613,297
2026-05-28 00:00:00,8939074893,298
2026-05-28 01:00:00,9041867407,299
2026-05-28 02:00:00,9086390818,299
2026-05-28 03:00:00,9333767001,299
2026-05-28 04:00:00,8735143987,298
2026-05-28 05:00:00,9128180426,300
2026-05-28 06:00:00,9048991000,300
2026-05-28 07:00:00,9059519248,298
2026-05-28 08:00:00,9048630714,300
2026-05-28 09:00:00,9129656817,300
2026-05-28 10:00:00,9018012795,299
2026-05-28 11:00:00,9018611932,300
2026-05-28 12:00:00,9102127135,300
2026-05-28 13:00:00,9703070904,300
2026-05-28 14:00:00,8635991218,300
2026-05-28 15:00:00,8970153314,298
2026-05-28 16:00:00,9044338918,297
2026-05-28 17:00:00,8946812315,300
2026-05-28 18:00:00,8858904114,297
2026-05-28 19:00:00,9051984242,299
2026-05-28 20:00:00,9158907376,300
2026-05-28 21:00:00,9002404329,300
2026-05-28 22:00:00,9044438133,299
2026-05-28 23:00:00,9050047347,297
2026-05-29 00:00:00,8987118462,299
2026-05-29 01:00:00,9098558118,300
2026-05-29 02:00:00,9101176114,300
2026-05-29 03:00:00,9094218350,300
2026-05-29 04:00:00,9070837188,300
2026-05-29 05:00:00,8977769609,298
2026-05-29 06:00:00,9023718633,300
2026-05-29 07:00:00,9052324075,298
2026-05-29 08:00:00,9091211794,300
2026-05-29 09:00:00,9107446393,299
2026-05-29 10:00:00,9034108270,298
2026-05-29 11:00:00,8998216416,299
2026-05-29 12:00:00,9011824465,297
2026-05-29 13:00:00,9298075229,300
2026-05-29 14:00:00,9124996668,300
2026-05-29 15:00:00,9102383724,300
2026-05-29 16:00:00,8911156693,297
2026-05-29 17:00:00,8934153232,300
2026-05-29 18:00:00,9358203966,298
2026-05-29 19:00:00,8862419949,300
2026-05-29 20:00:00,8878069118,297
2026-05-29 21:00:00,9060269189,299
2026-05-29 22:00:00,9003959710,297
2026-05-29 23:00:00,9115121741,298
2026-05-30 00:00:00,9075169459,299
2026-05-30 01:00:00,9130757434,299
2026-05-30 02:00:00,9018531668,299
2026-05-30 03:00:00,9053840207,299
2026-05-30 04:00:00,9091955023,298
2026-05-30 05:00:00,8984431697,296
2026-05-30 06:00:00,9190071045,299
2026-05-30 07:00:00,9012902892,299
2026-05-30 08:00:00,9053246499,300
2026-05-30 09:00:00,9020656414,298
2026-05-30 10:00:00,9118970359,299
2026-05-30 11:00:00,8971402002,298
2026-05-30 12:00:00,9170350178,300
2026-05-30 13:00:00,9012086286,299
2026-05-30 14:00:00,9042308762,300
2026-05-30 15:00:00,8978774472,297
2026-05-30 16:00:00,8968977532,297
2026-05-30 17:00:00,8952352688,295
2026-05-30 18:00:00,9073028373,299
2026-05-30 19:00:00,9072823622,299
2026-05-30 20:00:00,9047686079,300
2026-05-30 21:00:00,9082922459,299
2026-05-30 22:00:00,8970019495,297
2026-05-30 23:00:00,9144104197,299
2026-05-31 00:00:00,8980353858,299
2026-05-31 01:00:00,9155526850,300
2026-05-31 02:00:00,9070209377,295
2026-05-31 03:00:00,9033821893,299
2026-05-31 04:00:00,9029653785,299
2026-05-31 05:00:00,9137838076,299
2026-05-31 06:00:00,9090266779,300
2026-05-31 07:00:00,9013625064,298
2026-05-31 08:00:00,9174554805,296
2026-05-31 09:00:00,8816716731,297
2026-05-31 10:00:00,9145994559,300
2026-05-31 11:00:00,9041773863,299
2026-05-31 12:00:00,9096033149,300
2026-05-31 13:00:00,9001370741,298
2026-05-31 14:00:00,9167178832,299
2026-05-31 15:00:00,8981165393,300
2026-05-31 16:00:00,9178387584,300
2026-05-31 17:00:00,8989176824,299
2026-05-31 18:00:00,8969821306,297
2026-05-31 19:00:00,9069587919,299
2026-05-31 20:00:00,9048261438,299
2026-05-31 21:00:00,9049135791,298
2026-05-31 22:00:00,9122271571,299
2026-05-31 23:00:00,9038247976,300
2026-06-01 00:00:00,9148598907,299
2026-06-01 01:00:00,9102064773,298
2026-06-01 02:00:00,8980099432,297
2026-06-01 03:00:00,9040131139,300
2026-06-01 04:00:00,9213918604,300
2026-06-01 05:00:00,9103773554,300
2026-06-01 06:00:00,9031549366,299
2026-06-01 07:00:00,9161181671,297
2026-06-01 08:00:00,8962850339,297
2026-06-01 09:00:00,9240269393,300
2026-06-01 10:00:00,8972844608,298
2026-06-01 11:00:00,8966421455,299
2026-06-01 12:00:00,9159892812,300
2026-06-01 13:00:00,9484249410,299
2026-06-01 14:00:00,8754445625,300
2026-06-01 15:00:00,9203297315,300
2026-06-01 16:00:00,8955819480,299
2026-06-01 17:00:00,9053394196,299
2026-06-01 18:00:00,8954960226,298
2026-06-01 19:00:00,9003172858,299
2026-06-01 20:00:00,9023492747,298
2026-06-01 21:00:00,9044751872,299
2026-06-01 22:00:00,9081249791,299
2026-06-01 23:00:00,9044525648,299
2026-06-02 00:00:00,9021493280,298
2026-06-02 01:00:00,9181935651,300
2026-06-02 02:00:00,9017014783,300
2026-06-02 03:00:00,9137742136,299
2026-06-02 04:00:00,9058637237,299
2026-06-02 05:00:00,9151102216,299
2026-06-02 06:00:00,9131696811,299
2026-06-02 07:00:00,9082341754,299
2026-06-02 08:00:00,8996581190,299
2026-06-02 09:00:00,9209673183,297
2026-06-02 10:00:00,9013033348,298
2026-06-02 11:00:00,9054944213,298
2026-06-02 12:00:00,9072041561,300
2026-06-02 13:00:00,9181125208,298
2026-06-02 14:00:00,9255441271,299
2026-06-02 15:00:00,9285368978,298
2026-06-02 16:00:00,8751884142,300
2026-06-02 17:00:00,8799795212,296
2026-06-02 18:00:00,9143931701,300
2026-06-02 19:00:00,9055963760,299
2026-06-02 20:00:00,8915512401,300
2026-06-02 21:00:00,8824699167,295
2026-06-02 22:00:00,9151480308,298
2026-06-02 23:00:00,8883722216,298
2026-06-03 00:00:00,9020044935,299
2026-06-03 01:00:00,9130437435,300
2026-06-03 02:00:00,9053186023,300
2026-06-03 03:00:00,9301664528,298
2026-06-03 04:00:00,8863129803,299
2026-06-03 05:00:00,9101314206,298
2026-06-03 06:00:00,8942159594,297
2026-06-03 07:00:00,8953073775,298
2026-06-03 08:00:00,9116045546,299
2026-06-03 09:00:00,8930146277,299
2026-06-03 10:00:00,9141808316,300
2026-06-03 11:00:00,9051449583,300
2026-06-03 12:00:00,9244775255,300
2026-06-03 13:00:00,9194084483,299
2026-06-03 14:00:00,8893114613,296
2026-06-03 15:00:00,9057312729,298
2026-06-03 16:00:00,8940685783,298
2026-06-03 17:00:00,8946679086,299
2026-06-03 18:00:00,8861270268,296
2026-06-03 19:00:00,9227366917,299
2026-06-03 20:00:00,9156580784,299
2026-06-03 21:00:00,8872544461,298
2026-06-03 22:00:00,8830603252,298
2026-06-03 23:00:00,9012862594,299
2026-06-04 00:00:00,9242363248,300
2026-06-04 01:00:00,9228848394,298
2026-06-04 02:00:00,8874230458,300
2026-06-04 03:00:00,8910003489,299
2026-06-04 04:00:00,8997487667,297
2026-06-04 05:00:00,8948228647,298
2026-06-04 06:00:00,9030030997,297
2026-06-04 07:00:00,9310840580,300
2026-06-04 08:00:00,8951673970,300
2026-06-04 09:00:00,9044978528,295
2026-06-04 10:00:00,9109049951,299
2026-06-04 11:00:00,9012718906,298
2026-06-04 12:00:00,8964248959,299
2026-06-04 13:00:00,9065734874,298
2026-06-04 14:00:00,8945716825,295
2026-06-04 15:00:00,8885176375,300
2026-06-04 16:00:00,9120980486,298
2026-06-04 17:00:00,8937440787,299
2026-06-04 18:00:00,9024269645,298
2026-06-04 19:00:00,8985359394,300
2026-06-04 20:00:00,9047862546,299
2026-06-04 21:00:00,8847785989,295
2026-06-04 22:00:00,9027409823,298
2026-06-04 23:00:00,9057495488,299
2026-06-05 00:00:00,9156954540,299
2026-06-05 01:00:00,8947622761,297
2026-06-05 02:00:00,9121291353,300
2026-06-05 03:00:00,8945021339,297
2026-06-05 04:00:00,9086338806,299
2026-06-05 05:00:00,9400858820,299
2026-06-05 06:00:00,9261349339,298
2026-06-05 07:00:00,8780395507,298
2026-06-05 08:00:00,8719918614,294
2026-06-05 09:00:00,8985944819,299
2026-06-05 10:00:00,8995373060,294
2026-06-05 11:00:00,8908473920,298
2026-06-05 12:00:00,9202545603,299
2026-06-05 13:00:00,9588926414,300
2026-06-05 14:00:00,9055790454,298
2026-06-05 15:00:00,9098841598,300
2026-06-05 16:00:00,8991113100,300
2026-06-05 17:00:00,8770842707,299
2026-06-05 18:00:00,9374888416,296
2026-06-05 19:00:00,8792712987,299
2026-06-05 20:00:00,8869326540,299
2026-06-05 21:00:00,8894457926,300
2026-06-05 22:00:00,8892592304,296
2026-06-05 23:00:00,9150770790,300
2026-06-06 00:00:00,9126673590,299
2026-06-06 01:00:00,9068612153,298
2026-06-06 02:00:00,9007006661,298
2026-06-06 03:00:00,9015970329,298
2026-06-06 04:00:00,9322514969,298
2026-06-06 05:00:00,8903412044,300
2026-06-06 06:00:00,9097013539,299
2026-06-06 07:00:00,9070882076,299
2026-06-06 08:00:00,9086110055,300
2026-06-06 09:00:00,9053249736,298
2026-06-06 10:00:00,9065085147,299
2026-06-06 11:00:00,9064509981,299
2026-06-06 12:00:00,9125027351,300
2026-06-06 13:00:00,9101463870,300
2026-06-06 14:00:00,9125129697,300
2026-06-06 15:00:00,8956212478,298
2026-06-06 16:00:00,9161646923,299
2026-06-06 17:00:00,9074896139,300
2026-06-06 18:00:00,9137864713,300
2026-06-06 19:00:00,9030051917,300
2026-06-06 20:00:00,9107122631,300
2026-06-06 21:00:00,8998200888,299
2026-06-06 22:00:00,9092770973,300
2026-06-06 23:00:00,9091285076,299
2026-06-07 00:00:00,8951069937,295
2026-06-07 01:00:00,9083858924,300
2026-06-07 02:00:00,9057053483,297
2026-06-07 03:00:00,9076090253,299
2026-06-07 04:00:00,9085525144,300
2026-06-07 05:00:00,9124369174,296
2026-06-07 06:00:00,9049659278,299
2026-06-07 07:00:00,9175076834,300
2026-06-07 08:00:00,9181129614,296
2026-06-07 09:00:00,8800520000,297
2026-06-07 10:00:00,8916558085,298
2026-06-07 11:00:00,9115690561,300
2026-06-07 12:00:00,9262359776,300
2026-06-07 13:00:00,9139835923,299
2026-06-07 14:00:00,9078166162,299
2026-06-07 15:00:00,9048870043,297
2026-06-07 16:00:00,9012351194,299
2026-06-07 17:00:00,9212829480,299
2026-06-07 18:00:00,8932769566,297
2026-06-07 19:00:00,9128899429,299
2026-06-07 20:00:00,8969940313,298
2026-06-07 21:00:00,9191060923,300
2026-06-07 22:00:00,9225703638,300
2026-06-07 23:00:00,9011923294,300
2026-06-08 00:00:00,9090862549,299
2026-06-08 01:00:00,9078471391,300
2026-06-08 02:00:00,9182252762,300
2026-06-08 03:00:00,9127304517,299
2026-06-08 04:00:00,8987755237,300
2026-06-08 05:00:00,9107630760,299
2026-06-08 06:00:00,9101028884,299
2026-06-08 07:00:00,9138130755,299
2026-06-08 08:00:00,9118738571,299
2026-06-08 09:00:00,9134636175,300
2026-06-08 10:00:00,8959729845,298
2026-06-08 11:00:00,9061675711,297
2026-06-08 12:00:00,9262586385,299
2026-06-08 13:00:00,8942747619,300
2026-06-08 14:00:00,9267105549,300
2026-06-08 15:00:00,9177715543,300
2026-06-08 16:00:00,8874777896,300
2026-06-08 17:00:00,8892868612,297
2026-06-08 18:00:00,9146900836,300
2026-06-08 19:00:00,9204972197,300
2026-06-08 20:00:00,9032208557,299
2026-06-08 21:00:00,9028674555,298
2026-06-08 22:00:00,8839412841,298
2026-06-08 23:00:00,9262272662,298
2026-06-09 00:00:00,8755994035,300
2026-06-09 01:00:00,9067371346,298
2026-06-09 02:00:00,9070939110,299
2026-06-09 03:00:00,9025806020,298
2026-06-09 04:00:00,9103580612,300
2026-06-09 05:00:00,9098691275,299
2026-06-09 06:00:00,9131295319,300
2026-06-09 07:00:00,9009321927,297
2026-06-09 08:00:00,9030079160,298
2026-06-09 09:00:00,9013820335,298
2026-06-09 10:00:00,9167265061,299
2026-06-09 11:00:00,8980904462,300
2026-06-09 12:00:00,9201687402,300
2026-06-09 13:00:00,9054067625,299
2026-06-09 14:00:00,9218879487,299
2026-06-09 15:00:00,8953288046,299
2026-06-09 16:00:00,9060372634,300
2026-06-09 17:00:00,8954243743,299
2026-06-09 18:00:00,9058194127,300
2026-06-09 19:00:00,9048352965,300
2026-06-09 20:00:00,8903296385,297
2026-06-09 21:00:00,9051383599,299
2026-06-09 22:00:00,9035745770,300
2026-06-09 23:00:00,9110731597,299
2026-06-10 00:00:00,9015590855,298
2026-06-10 01:00:00,9137625041,300
2026-06-10 02:00:00,9109787468,299
2026-06-10 03:00:00,9063528681,299
2026-06-10 04:00:00,9060038766,300
2026-06-10 05:00:00,9178647079,299
2026-06-10 06:00:00,9017209352,300
2026-06-10 07:00:00,9008615078,296
2026-06-10 08:00:00,9070214061,300
2026-06-10 09:00:00,9050948197,299
2026-06-10 10:00:00,9044974268,300
2026-06-10 11:00:00,9069033338,299
2026-06-10 12:00:00,9169074955,299
2026-06-10 13:00:00,9249790273,298
2026-06-10 14:00:00,8965295462,299
2026-06-10 15:00:00,9180716668,299
2026-06-10 16:00:00,8821587910,298
2026-06-10 17:00:00,8852000516,297
2026-06-10 18:00:00,9134263748,298
2026-06-10 19:00:00,8953518200,298
2026-06-10 20:00:00,9013776069,300
2026-06-10 21:00:00,9204290846,300
2026-06-10 22:00:00,9000070930,300
2026-06-10 23:00:00,9056817005,299
2026-06-11 00:00:00,9165470667,296
2026-06-11 01:00:00,8917820936,300
2026-06-11 02:00:00,9035414729,298
2026-06-11 03:00:00,9138700818,298
2026-06-11 04:00:00,9003573157,300
2026-06-11 05:00:00,9086902693,299
2026-06-11 06:00:00,9028961687,297
2026-06-11 07:00:00,9123672301,299
