opcode,total_count,total_gas,weight
PUSH1,31952668899,95857957112,0.10299358760716314
PUSH2,30886296079,92658884682,0.09955632974285981
JUMPDEST,22444053954,22444052859,0.07234430539990165
POP,17288173699,34576345986,0.055725267834873575
SWAP1,16594262762,49782787011,0.0534885727685746
JUMPI,14581442388,145814401788,0.04700061421392817
DUP2,14391654643,43174962398,0.04638886810898746
JUMP,14172252347,113378010064,0.04568166491210534
ADD,13267305065,39801913868,0.042764732762770916
DUP1,10596131303,31788391441,0.03415469240150668
DUP3,10134097957,30402291615,0.03266541236517861
SWAP2,8415591954,25246774641,0.027126122388091416
ISZERO,7748846104,23246534056,0.024976989014264338
MSTORE,7470128871,38818179865,0.024078594960066566
AND,6711415281,20134245211,0.021633020387018746
MLOAD,6325867658,19027170511,0.020390278098050618
DUP4,5806524847,17419573949,0.01871627147682115
SUB,4557717029,13673150195,0.014690967743532114
EQ,4331552685,12994657740,0.013961968320948369
SWAP3,4287157467,12861472089,0.013818868450672268
PUSH4,3918248455,11754745180,0.012629757682911547
PUSH0,3816385828,7632771141,0.012301422124120444
DUP5,3624616055,10873847103,0.011683287314214176
LT,3334481507,10003444241,0.01074809163207077
SHL,2575945845,7727837175,0.008303090577407713
GT,2525487567,7576462524,0.008140447541480838
SWAP4,2326242270,6978726558,0.00749821674640234
CALLDATALOAD,2141259994,6423779935,0.006901960192397405
DUP6,2109753691,6329260650,0.006800405383674998
PUSH20,2082158894,6246476464,0.006711458599564256
SHR,2001885005,6005654899,0.006452710391537478
MUL,1946471825,9732358776,0.006274096134714002
DUP7,1764359831,5293079268,0.005687091410080775
PUSH32,1483871607,4451614476,0.004782988890111756
SLOAD,1273712611,1139869487336,0.0041055797812082784
CALLDATASIZE,1158909520,2317817885,0.0037355330020845583
DUP8,1085319588,3255958649,0.003498329307695062
DIV,1053518195,5267590738,0.003395823330296791
SWAP5,995966922,2987900651,0.003210317321507185
KECCAK256,966740649,42419474248,0.0031161117727259197
OR,952026817,2856080379,0.0030686844247970425
SLT,947752973,2843258872,0.0030549084698736927
NOT,941556571,2824669622,0.0030349355006593377
DUP9,697938546,2093815558,0.0022496773277088204
SWAP6,685782793,2057348339,0.002210495479848352
PUSH8,630685008,1892055005,0.0020328978411567142
RETURNDATASIZE,563448575,1126896496,0.0018161734894455062
GAS,548639868,1097279724,0.0017684403292962127
MULMOD,496180773,3969445911,0.0015993480254966987
DUP10,481117452,1443352268,0.001550794163658983
SIGNEXTEND,459996808,2299983824,0.0014827156283413344
CALLER,457619484,915238959,0.0014750527589754432
SGT,444424450,1333273229,0.0014325209787803613
PUSH3,412553435,1237660199,0.0013297905875912096
DUP11,402535805,1207607388,0.001297500588396387
SSTORE,378909252,1761235570637,0.00122134471346924
SAR,345834642,1037503923,0.0011147347538012274
SWAP7,338911589,1016734749,0.0010924195579120085
DUP12,309857783,929573318,0.0009987699249802138
CALLVALUE,302796818,605593625,0.0009760101949677588
PUSH16,292964716,878894108,0.0009443182113685028
RETURN,288015773,40394,0.0009283661982191627
ADDMOD,249100340,1992802709,0.0008029294132474502
DUP13,240241918,720725738,0.0007743759091504333
SWAP8,230863656,692590943,0.0007441467958343261
CODECOPY,227269037,2074062733,0.0007325601985437799
CALLDATACOPY,212393067,12005870125,0.000684610228408907
CALL,208228101,428855154075,0.0006711852218168824
XOR,191676139,575028400,0.0006178329978225108
EXP,181359862,8024434187,0.0005845803646125034
DUP14,173649128,520947376,0.0005597262229990187
SWAP9,170532872,511598600,0.0005496815413995924
STATICCALL,138681022,60985481068,0.00044701292508479414
LOG3,133986082,258974505053,0.00043187964417706036
RETURNDATACOPY,122828521,961179426,0.00039591528577031295
PUSH29,119215373,357646119,0.00038426896363515973
ADDRESS,115736888,231473776,0.00037305670306562354
STOP,112262159,0,0.0003618565492755328
SWAP10,105387247,316161741,0.00033969652710018024
TLOAD,85776461,8577643797,0.0002764847430604583
DELEGATECALL,80855739,66162597854,0.0002606236951461366
SWAP11,80399102,241197300,0.00025915180924474814
PUSH5,79545442,238636324,0.000256400192274202
BYTE,77505242,232515717,0.00024982398049983246
SDIV,77071165,385355821,0.00024842481263472955
DUP15,74111879,222335631,0.00023888609513795137
TSTORE,72702841,7270282368,0.0002343443187012618
PUSH14,67150481,201451431,0.00021644730115026763
PUSH7,66566927,199700777,0.00021456632149838035
EXTCODESIZE,65751585,45316972551,0.00021193821559673445
TIMESTAMP,60894161,121788319,0.00019628119721524977
MOD,60573818,302868991,0.00019524863010984987
SWAP12,60433382,181300146,0.00019479596033397233
MSTORE8,58635975,176153477,0.00018900234741527113
PUSH28,57150584,171451752,0.00018421446103955184
DUP16,50141686,150425049,0.00016162255948433426
PUSH15,49664815,148994437,0.00016008545298249358
SWAP13,49622346,148867032,0.00015994856192384947
PUSH12,44284967,132854901,0.00014274449633024466
PUSH6,43751421,131254260,0.00014102470832545703
PUSH17,32686952,98060856,0.00010536041496453827
MCOPY,31499639,758844304,0.00010153332853651064
PUSH9,30832850,92498550,9.93840560765459e-05
PUSH21,30206414,90619242,9.736485413600627e-05
SWAP14,28733137,86199411,9.261601502498392e-05
ORIGIN,23834872,47669744,7.682735314527504e-05
PUSH10,18672388,56017164,6.018702961532983e-05
PUSH31,18358926,55076771,5.9176642155660485e-05
PUSH13,18342538,55027612,5.91238184332027e-05
SWAP15,16865588,50596759,5.4363140078063475e-05
LOG2,16457608,28885554707,5.3048091122222246e-05
CODESIZE,16440439,32880878,5.299274998902249e-05
LOG1,14732926,31524812210,4.7488893947708396e-05
SMOD,14064853,70324261,4.533548274844442e-05
LOG4,13791079,36117500994,4.445302230225472e-05
SELFBALANCE,11927275,59636375,3.84453907906789e-05
PUSH24,9950429,29851287,3.207338905491021e-05
CHAINID,9552989,19105978,3.0792313862475444e-05
NUMBER,7392139,14784278,2.382720886656997e-05
PUSH11,7008751,21026253,2.2591427727587528e-05
PUSH23,5596959,16790877,1.8040774275298204e-05
SWAP16,5513751,16541253,1.777256849678544e-05
REVERT,3782400,314140,1.219187501978984e-05
PUSH25,3666903,11000709,1.1819591551843386e-05
PUSH18,3346763,10040289,1.078767877983738e-05
BALANCE,2653559,383310824,8.553262395737761e-06
PUSH26,2573275,7719825,8.29448159675066e-06
COINBASE,1789948,3579896,5.7695701956225635e-06
PC,1640460,3280920,5.28772295234889e-06
PUSH30,1602155,4806465,5.164253786572386e-06
PUSH19,1529946,4589838,4.931501274066039e-06
GASPRICE,1388422,2776844,4.475324529062672e-06
PUSH27,1299787,3899361,4.189625808044516e-06
BASEFEE,1106595,2213190,3.566906709370859e-06
PUSH22,935384,2806138,3.015039346317444e-06
BLOCKHASH,882699,17653980,2.8452188790433247e-06
EXTCODEHASH,677164,764571366,2.182714376031347e-06
CLZ,620815,3104075,2.001083674495249e-06
CREATE2,616902,70679100716,1.988470834247671e-06
DIFFICULTY,532194,1064386,1.7154300799180504e-06
LOG0,513047,544656889,1.6537132252744602e-06
SELFDESTRUCT,510466,2580130043,1.6453938435522527e-06
EXTCODECOPY,456067,246946127,1.4700486105780702e-06
BLOBHASH,333594,1000782,1.075279281766014e-06
MSIZE,274093,548186,8.834886843800911e-07
CREATE,88348,37678286836,2.8477362897853027e-07
BLOBBASEFEE,59679,119358,1.9236434784952354e-07
INVALID,22815,0,7.353998217441444e-08
GASLIMIT,6332,12664,2.041004458156442e-08
CALLCODE,128,2443786,4.125846030385733e-10
opcode 0xe3 not defined,73,0,2.353021564204363e-10
opcode 0x2e not defined,2,0,6.4466344224777075e-12
opcode 0xef not defined,2,0,6.4466344224777075e-12
opcode 0xa8 not defined,1,0,3.2233172112388537e-12
opcode 0xca not defined,1,0,3.2233172112388537e-12
opcode 0xde not defined,1,0,3.2233172112388537e-12
opcode 0xe not defined,1,0,3.2233172112388537e-12
opcode 0xf not defined,1,0,3.2233172112388537e-12
